Frame, Obj,X,Y,Z,Doppler,Intensity
1,2,-0.16406,0.47656,0.1543,-1.5412,14
1,2,0.015625,0.48047,-0.21484,-1.5412,10
11,2,-0.44531,0.16797,0.22656,0,8
11,2,0.13281,0.46289,-0.21289,0,6
13,13,0.32227,0,0.54492,0,9
13,13,0.3457,0.10547,-0.49805,0,11
13,13,0.63867,0,0.375,0,18
13,13,0.39648,0.20703,0.2793,-0.25686,21
13,13,0.41016,0,0.4707,-0.25686,18
13,13,0.57617,0,0.25391,-0.25686,22
13,13,-0.66016,0,0.41211,-0.25686,40
13,13,-0.66016,0,-0.41016,-0.25686,41
13,13,-0.32227,0,-0.5,0,8
13,13,0.5957,0,0.23633,0,9
13,13,-0.066406,0.52344,0.025391,-0.25686,13
13,13,0.072266,0.56641,0.0058594,-0.25686,12
13,13,0.36523,0,-0.51953,-0.25686,20
14,18,0.51172,0.11914,0.054688,0,22
14,18,0.55273,0,0.18359,0,25
14,18,0.57617,0,0.39258,0,32
14,18,0.63867,0.14063,0.083984,0,40
14,18,1.1953,2.6895,-0.044922,0.25686,73
14,18,0.51172,0.12305,0.046875,-0.51373,17
14,18,-0.57227,0,0.2168,-0.51373,23
14,18,-0.52734,0,0.033203,-0.25686,34
14,18,0.55273,0,0.16992,-0.25686,40
14,18,0.57617,0,0.31055,-0.25686,56
14,18,0.63867,0.15625,0.046875,-0.25686,73
14,18,-0.70313,0,0.10938,-0.25686,47
14,18,0.33008,0,-0.41406,0,12
14,18,0.33984,0.18555,-0.41992,0,14
14,18,0.33008,0,0.49805,-0.51373,11
14,18,-0.017578,0.56445,-0.080078,-0.51373,13
14,18,0.33008,0,-0.50391,-0.25686,22
14,18,0.35742,0,-0.49805,-0.25686,25
15,14,-0.46094,0.25195,-0.039063,0,32
15,14,-0.55273,0.12695,-0.064453,0,17
15,14,-0.46094,0.23438,-0.099609,-0.51373,25
15,14,-0.26758,0,0.56055,-0.51373,19
15,14,0.39258,0,-0.48047,-0.25686,78
15,14,-0.44531,0.27734,-0.052734,-0.25686,56
15,14,-0.53516,0.17773,-0.089844,-0.25686,32
15,14,0.082031,0.52148,0.011719,0,25
15,14,0.035156,0.57031,-0.025391,0,14
15,14,0.39648,0,0.45898,-0.51373,24
15,14,-0.57227,0,-0.089844,-0.51373,18
15,14,-0.39258,0.28125,-0.019531,-0.25686,68
15,14,0.39648,0,0.50781,-0.25686,53
15,14,0.052734,0.5625,-0.083984,-0.25686,27
16,16,1.1367,2.8105,0,0,36
16,16,1.25,2.8105,-0.044922,0,62
16,16,1.1699,2.8926,0.019531,0,38
16,16,1.1367,2.8047,0.18359,0.25686,73
16,16,1.1543,2.8457,0.20117,0.25686,121
16,16,1.1699,2.8691,0.375,0.25686,76
16,16,1.1543,2.8203,0.42578,0.51373,91
16,16,1.1699,2.8418,0.53906,0.51373,62
16,16,0,1.2129,-2.7793,0,20
16,16,0.095703,1.0469,-2.8926,0,35
16,16,0.097656,1.0332,-2.9434,0,26
16,16,0,0.57422,2.9785,0.25686,42
16,16,0.095703,0.96484,-2.9199,0.25686,68
16,16,0.097656,1.2734,-2.8477,0.25686,51
16,16,0,1.1914,-2.8359,0.51373,46
16,16,0.097656,1.6504,-2.6465,0.51373,36
31,1,0.55273,0,0.30664,-1.2843,18
36,2,-0.37891,0.16797,-0.32617,-2.0549,13
36,2,-0.21484,0,0.51758,-2.0549,7
38,6,-0.24805,0.41992,-0.20117,-1.798,15
38,6,-0.26367,0.45703,-0.019531,-1.5412,10
38,6,0.47852,0,-0.51172,-1.0275,14
38,6,-0.46094,0,0.45313,-1.798,10
38,6,-0.048828,0.39453,0.3457,-1.5412,8
38,6,-0.13281,0.50195,0.095703,-1.0275,12
39,2,-0.42773,0.30664,-0.0058594,-1.2843,12
39,2,0.41211,0,-0.33008,-1.2843,11
51,2,-0.33008,0,-0.52734,-1.0275,12
51,2,0.42773,0,-0.41406,-1.0275,11
52,2,0.26367,0.45508,0.044922,1.798,12
52,2,-0.16406,0.22656,-0.44727,1.798,10
54,2,-0.39648,0.33203,-0.10547,0,8
54,2,0.048828,0.46875,-0.23828,0,7
55,2,-0.18164,0.49219,-0.050781,-1.2843,15
55,2,-0.37891,0.21484,0.29688,-1.2843,11
56,2,-0.46094,0,-0.50977,0.51373,14
56,2,-0.29688,0.26758,0.3457,0.51373,11
57,2,0.21484,0.49219,-0.19727,0.25686,20
57,2,-0.125,0.46094,0.31445,0.25686,18
58,1,-0.36328,0,0.44922,0.77059,14
60,13,0.18164,0,-0.51563,0,11
60,13,0.19727,0.43555,-0.31445,0,18
60,13,0.23047,0.54102,-0.18164,0,15
60,13,0.14844,0.43359,-0.26172,1.5412,12
60,13,0.23242,0.39648,-0.33984,-0.25686,27
60,13,1.3652,2.8047,0.060547,-0.25686,52
60,13,1.2852,2.8906,0.027344,-0.25686,73
60,13,1.4043,2.8848,0.076172,-0.25686,54
60,13,-0.21484,0.42188,-0.23242,0,8
60,13,-0.033203,0.52539,-0.0097656,1.5412,11
60,13,0.19531,1.5176,-2.7207,-0.25686,31
60,13,0.19727,1.0488,-2.9785,-0.25686,49
60,13,0.20117,0.19922,-3.1953,-0.25686,39
61,2,-0.16406,0.45898,-0.20117,-0.51373,19
61,2,-0.36328,0.36328,-0.11914,-0.51373,13
72,2,0.052734,0.35352,0.44531,-1.2843,11
72,2,0.41016,0.36523,-0.1543,-1.2843,10
81,2,0.41211,0,-0.48828,-1.5412,13
81,2,-0.36328,0.16406,-0.3457,-1.5412,10
82,2,0.082031,0.24609,0.45898,0.77059,10
82,2,-0.3457,0.33594,0.21289,0.77059,10
87,2,-0.46094,0.21875,0.13281,-2.0549,12
87,2,-0.24805,0.46484,-0.03125,-2.0549,11
93,2,0.3125,0.18945,-0.37891,-0.51373,11
93,2,-0.46094,0.25391,0.017578,-0.51373,10
95,2,-0.21484,0.4707,-0.099609,-1.0275,13
95,2,-0.52734,0,0.18555,-1.0275,10
99,2,-0.47852,0,-0.23047,-1.2843,13
99,2,-0.44531,0.048828,-0.2793,-1.2843,13
138,2,-0.30273,0.39648,0.27734,1.2843,14
138,2,0.375,0,-0.48242,1.2843,13
139,2,-0.51172,0,-0.42578,-1.0275,16
139,2,0.13281,0.45898,0.22461,-1.0275,10
141,4,-0.16406,0.25977,-0.42969,1.2843,14
141,4,-0.33008,0.4082,-0.046875,1.5412,11
141,4,-0.37891,0.30469,-0.20313,1.2843,12
141,4,-0.13281,0.37891,-0.3418,1.5412,9
142,2,-0.14844,0.4043,-0.30273,-2.0549,12
142,2,0.16406,0.19531,0.46094,-2.0549,10
144,4,-0.63477,1.584,0.70508,-0.25686,31
144,4,-0.65039,1.6406,0.67578,-0.25686,35
144,4,0.11523,1.3965,-1.2012,-0.25686,23
144,4,0.058594,1.4668,-1.1914,-0.25686,20
167,2,0.18164,0.17969,0.46094,1.5412,11
167,2,-0.42773,0.1543,0.26563,1.5412,10
171,2,-0.3457,0.39258,-0.066406,-1.5412,11
171,2,0.048828,0.29102,0.4375,-1.5412,10
176,2,0.033203,0.25391,-0.46094,1.798,8
176,2,0.19727,0.4707,-0.13281,1.798,8
183,2,0.3125,0.32617,0.27148,0.77059,12
183,2,-0.36328,0.32813,0.19727,0.77059,9
195,4,0.51172,0,0.5,1.2843,14
195,4,0.36328,0,0.41797,-0.77059,14
195,4,0.048828,0.51563,0.099609,1.2843,8
195,4,-0.47852,0.19922,0.099609,-0.77059,13
201,2,0.46094,0.21875,-0.13281,-1.2843,9
201,2,-0.41211,0,0.4082,-1.2843,7
203,10,0.51172,0.033203,-0.12695,0,24
203,10,0.53516,0,-0.21484,0,12
203,10,0.49414,0.14648,-0.11133,-0.51373,19
203,10,0.51172,0.076172,-0.10547,-0.25686,42
203,10,0.55273,0.11328,-0.085938,-0.25686,20
203,10,-0.082031,0.4707,0.22266,0,20
203,10,-0.089844,0.51172,0.24023,0,12
203,10,-0.082031,0.51367,0.083984,-0.51373,18
203,10,-0.082031,0.48633,0.18555,-0.25686,30
203,10,-0.089844,0.51758,0.22656,-0.25686,16
204,4,-0.3457,0.39648,0.021484,1.5412,19
204,4,-0.33008,0,0.46289,-1.0275,17
204,4,0.26367,0.11328,0.44141,1.5412,11
204,4,0.033203,0.51563,-0.10938,-1.0275,11
205,2,-0.33984,0.10156,-0.44922,1.798,20
205,2,0.052734,0.5332,0.19922,1.798,13
212,2,-0.23047,0.22266,-0.41797,-1.2843,14
212,2,0.11523,0.46094,0.23047,-1.2843,11
216,2,-0.26367,0,0.52148,-1.0275,12
216,2,0.51172,0,0.37891,-1.0275,10
221,2,0.099609,0.51758,0.015625,-0.51373,12
221,2,-0.21484,0.29492,0.38086,-0.51373,11
226,2,0.47852,0,0.47266,0.77059,11
226,2,-0.11523,0.51367,-0.039063,0.77059,9
231,6,0.24805,0,-0.52734,0.77059,16
231,6,0.23047,0.20313,-0.42773,1.0275,13
231,6,-0.41211,0.32227,-0.070313,-0.51373,14
231,6,-0.36328,0,0.44922,0.77059,12
231,6,0.46094,0,-0.30078,1.0275,11
231,6,0.015625,0.46289,0.25195,-0.51373,8
232,2,-0.52734,0,0.46484,-0.77059,10
232,2,-0.082031,0.24609,-0.45898,-0.77059,10
234,2,-0.23047,0.46875,-0.070313,1.798,12
234,2,0.42773,0.2832,0.11914,1.798,11
240,2,0.066406,0.44922,-0.26953,1.2843,12
240,2,-0.26367,0.41211,0.19531,1.2843,12
241,2,-0.21484,0.15039,0.45703,-1.2843,17
241,2,-0.49414,0,0.34375,-1.2843,13
244,2,-0.51172,0,0.2793,-1.0275,15
244,2,0.36328,0.38086,-0.046875,-1.0275,13
245,4,0.44531,0.24023,0.14844,-1.0275,10
245,4,-0.052734,0.46094,0.33203,-1.0275,10
245,4,-0.3125,0,0.42773,-1.0275,7
245,4,0.16016,0.3418,-0.42969,-1.0275,8
260,8,0.19727,0.43359,-0.22656,1.2843,13
260,8,-0.17773,0.35938,-0.4082,1.2843,14
260,8,-0.18164,0.10742,-0.48242,1.5412,11
260,8,-0.19727,0.36914,-0.38867,1.5412,16
260,8,-0.18164,0.17578,-0.46289,1.2843,11
260,8,0.19727,0.48828,-0.22266,1.2843,12
260,8,0.19727,0.4668,-0.14844,1.5412,10
260,8,0.19727,0.50586,-0.17773,1.5412,12
267,2,0.46094,0,0.3457,1.2843,14
267,2,-0.3125,0.27148,-0.32617,1.2843,9
284,2,-0.19727,0,0.50391,-1.0275,14
284,2,0.13281,0.4375,0.26367,-1.0275,11
294,2,-0.14844,0.47461,0.17578,0.77059,9
294,2,0.16406,0.48828,0.11133,0.77059,8
295,2,-0.26367,0.32031,0.32422,0.77059,10
295,2,-0.42773,0.082031,-0.29688,0.77059,9
296,1,-0.33008,0.35742,0.20508,-1.2843,14
305,4,-0.60352,1.3965,0.88086,0,37
305,4,-0.60352,1.4902,0.71289,-0.25686,65
305,4,-1.6484,0,-0.74414,0,30
305,4,-1.5938,0,-0.95117,-0.25686,55
310,2,0.015625,0.39844,-0.3457,1.2843,11
310,2,0.42773,0,-0.34375,1.2843,9
311,2,0.099609,0.48633,0.17773,1.798,8
311,2,0.44531,0,-0.50391,1.798,8
330,2,-0.048828,0.48633,-0.19727,-0.77059,9
330,2,0.41211,0.32617,-0.044922,-0.77059,7
337,2,-0.41211,0.28125,0.17188,1.2843,12
337,2,0.3125,0.41992,0.0625,1.2843,10
348,2,-0.26367,0.30859,0.33594,1.2843,16
348,2,0.3457,0.29883,0.26367,1.2843,11
351,3,0,0.12891,0.51172,1.0275,10
351,3,-0.33984,0,-0.49023,1.0275,18
351,3,-0.33008,0,-0.49219,1.0275,9
353,14,1.4219,1.373,-0.085938,0.25686,124
353,14,1.5156,1.3379,0.0019531,0.25686,156
353,14,0,6.8281,0.61328,0.25686,68
353,14,0.21484,6.7383,1.4707,0.25686,86
353,14,0,6.6309,2.0645,0.25686,94
353,14,0.21875,6.6211,2.2266,0.25686,93
353,14,1.5391,0.81836,0.23633,-0.25686,87
353,14,1.4824,1.2891,-0.21875,-0.25686,166
353,14,1.5156,1.3262,-0.16992,-0.25686,200
353,14,1.5488,1.3594,-0.13672,-0.25686,122
353,14,0,6.8418,0.43359,-0.25686,90
353,14,0,6.8691,0.6582,-0.25686,102
353,14,0.2168,6.8359,1.2012,-0.25686,102
353,14,0.4375,6.9063,0.97266,-0.25686,98
355,10,1.4219,1.375,0.019531,0.25686,83
355,10,1.5156,1.3379,-0.029297,0.25686,103
355,10,0,6.666,1.6055,0.25686,74
355,10,0.21484,6.6445,1.8496,0.25686,97
355,10,0.43359,6.5684,2.2129,0.25686,106
355,10,0.4375,6.6816,1.998,0.25686,102
355,10,0,6.8535,0.16406,-0.25686,75
355,10,0,6.8867,0.41797,-0.25686,92
355,10,0.2168,6.877,0.93555,-0.25686,97
355,10,0.21875,6.9355,0.82422,-0.25686,91
356,27,0,6.8535,0.16406,0,92
356,27,0.21484,6.8867,0.35742,0,100
356,27,0.2168,6.8984,0.76172,0,90
356,27,0.4375,6.9297,0.78711,0,79
356,27,0.43945,6.9902,-0.63477,0,46
356,27,-0.21289,6.7754,0.67969,0.25686,177
356,27,0,6.8262,0.64844,0.25686,407
356,27,0,6.8418,0.9043,0.25686,458
356,27,0.2168,6.7676,1.541,0.25686,440
356,27,0.4375,6.8008,1.5469,0.25686,397
356,27,0.2207,7.0059,0.55664,0.25686,223
356,27,0,6.7871,0.9668,0.51373,149
356,27,0.21484,6.7598,1.3691,0.51373,165
356,27,0,6.6758,1.9121,0.51373,160
356,27,0.21875,6.6777,2.0469,0.51373,145
356,27,0.2207,6.959,0.98828,0.51373,82
356,27,0,6.8438,-0.41016,-0.51373,91
356,27,0.21484,6.8965,0.085938,-0.51373,105
356,27,0.43359,6.8984,0.67773,-0.51373,102
356,27,0.4375,6.9434,0.6582,-0.51373,90
356,27,0,6.7969,-0.45703,-0.25686,112
356,27,0,6.8535,-0.2207,-0.25686,265
356,27,0,6.8984,0.12305,-0.25686,307
356,27,0.2168,6.8926,0.82031,-0.25686,303
356,27,0.4375,6.9258,0.82617,-0.25686,275
356,27,0.43945,7.0176,0.1543,-0.25686,151
356,27,-2.3867,2.4082,-6.0605,0,46
357,12,0,6.7832,1,0.25686,87
357,12,0,6.7871,1.248,0.25686,105
357,12,0.2168,6.6582,1.9609,0.25686,103
357,12,0.21875,6.6953,1.9863,0.25686,96
357,12,1.5156,1.3105,-0.26367,-0.25686,80
357,12,0.21484,6.793,-0.90039,-0.25686,101
357,12,0,6.875,-0.58398,-0.25686,119
357,12,0.2168,6.9395,0.14648,-0.25686,118
357,12,0.21875,6.9824,0.18164,-0.25686,106
357,12,-2.3711,0,6.7793,-0.25686,62
357,12,-2.1699,0,-6.6152,-0.25686,62
357,12,-2.1836,0,-6.6855,-0.25686,55
359,8,0,6.8066,1.1387,0.25686,75
359,8,0.2168,6.7461,1.6328,0.25686,70
359,8,-0.26367,0,-0.51367,-2.0549,13
359,8,0,6.8555,-0.1582,-0.25686,67
359,8,0.21484,6.8965,0.087891,-0.25686,72
359,8,0.2168,6.9043,0.70898,-0.25686,68
359,8,0.21875,6.9629,0.55469,-0.25686,63
359,8,0.51172,0,-0.25781,-2.0549,9
362,12,1.4219,1.373,0.074219,0.25686,100
362,12,1.5801,1.2305,0.27734,0.25686,125
362,12,0,6.8145,0.75977,0.25686,95
362,12,0,6.8281,1,0.25686,108
362,12,0.2168,6.7246,1.7168,0.25686,107
362,12,0.21875,6.75,1.7969,0.25686,94
362,12,1.4824,1.3086,-0.017578,-0.25686,122
362,12,1.5156,1.3379,0.015625,-0.25686,142
362,12,0,6.8398,-0.46289,-0.25686,115
362,12,0.21484,6.8965,-0.025391,-0.25686,124
362,12,0.2168,6.916,0.57813,-0.25686,116
362,12,0.4375,6.9531,0.54492,-0.25686,106
363,17,1.4219,1.375,0.0058594,0.25686,80
363,17,1.5156,1.3379,0.019531,0.25686,97
363,17,0,6.8398,0.46289,0.25686,111
363,17,0,6.8594,0.75391,0.25686,118
363,17,0.2168,6.7695,1.5313,0.25686,109
363,17,0.4375,6.7891,1.5938,0.25686,103
363,17,-0.082031,0.51953,-0.033203,-0.77059,9
363,17,1.5156,1.3359,-0.050781,-0.25686,87
363,17,0,6.8477,-0.35156,-0.25686,102
363,17,0.21484,6.8965,-0.048828,-0.25686,106
363,17,0.2168,6.9258,0.44336,-0.25686,98
363,17,0.4375,6.9707,0.22266,-0.25686,96
363,17,-2.3867,4.0176,-5.1367,0.25686,56
363,17,-2.1836,4.4102,-4.9609,0.25686,52
363,17,0.26367,0.41797,0.18555,-0.77059,8
363,17,-2.3711,1.3535,-6.3379,-0.25686,58
363,17,-2.3867,3.0391,-5.7695,-0.25686,53
365,9,0,6.8398,0.47266,0.25686,88
365,9,0.21484,6.8574,0.72852,0.25686,95
365,9,0.2168,6.8184,1.293,0.25686,90
365,9,0.21875,6.8379,1.4238,0.25686,81
365,9,0.21484,6.8535,-0.041016,-0.25686,99
365,9,0.21484,6.8906,0.27344,-0.25686,106
365,9,0.43359,6.8887,0.75586,-0.25686,97
365,9,0.4375,6.9375,0.72266,-0.25686,84
365,9,-2.1836,3.625,-5.5605,-0.25686,43
366,13,0,6.8203,0.69922,0.25686,67
366,13,0.21484,6.7852,1.2402,0.25686,77
366,13,0.43359,6.6387,1.9922,0.25686,71
366,13,0.4375,6.6777,2.0117,0.25686,60
366,13,0,6.8438,-0.41797,-0.25686,68
366,13,0,6.877,-0.56055,-0.25686,78
366,13,0.2168,6.9375,-0.20898,-0.25686,78
366,13,0.4375,6.9551,-0.51758,-0.25686,70
366,13,-2.3574,3.6484,-5.3047,0.25686,37
366,13,-2.3711,3.4238,-5.502,0.25686,45
366,13,-2.1699,4.2168,-5.0723,0.25686,42
366,13,-2.1836,4.373,-4.9941,0.25686,34
366,13,-2.3711,0.30469,-6.4727,-0.25686,40
367,1,1.4531,1.4023,0.10352,0.25686,91
370,13,1.5156,1.3379,-0.021484,0.25686,89
370,13,-0.21484,6.8145,0.73242,0.25686,121
370,13,0,6.8086,1.1211,0.25686,135
370,13,0.2168,6.709,1.7754,0.25686,134
370,13,0.21875,6.7773,1.6855,0.25686,127
370,13,1.5156,1.3301,-0.14063,-0.25686,110
370,13,0.21484,6.8535,-0.044922,-0.25686,141
370,13,0,6.8965,0.20508,-0.25686,161
370,13,0.2168,6.875,0.95117,-0.25686,158
370,13,0.4375,6.9316,0.77539,-0.25686,152
370,13,0.43945,7.0117,-0.28711,-0.25686,93
370,13,-2.3711,1.6484,-6.2676,-0.25686,83
370,13,-2.3867,2.6914,-5.9395,-0.25686,85
373,21,-0.42578,6.7813,0.49805,0.25686,101
373,21,-0.21484,6.8184,0.68945,0.25686,227
373,21,-0.21484,6.8398,0.88867,0.25686,243
373,21,0,6.7891,1.4609,0.25686,224
373,21,0,6.8594,1.3301,0.25686,196
373,21,0,7.0254,0.30078,0.25686,115
373,21,-0.42773,6.7969,0.78711,0.51373,76
373,21,-0.21484,6.7949,1.1816,0.51373,83
373,21,0,6.7773,1.5098,0.51373,79
373,21,0.21484,6.8926,0.24805,-0.51373,62
373,21,1.4531,1.4063,-0.027344,-0.25686,81
373,21,0,6.8555,0.015625,-0.25686,177
373,21,0,6.8984,0.18945,-0.25686,191
373,21,0.2168,6.9063,0.69141,-0.25686,175
373,21,0.21875,6.957,0.625,-0.25686,155
373,21,0.43945,7.0176,-0.11523,-0.25686,91
373,21,-2.5879,0,6.6172,-0.51373,35
373,21,-2.3711,0.43555,-6.4648,-0.25686,97
373,21,-2.3867,2.291,-6.1055,-0.25686,93
373,21,-2.4023,2.4863,-6.0723,-0.25686,83
373,21,-2.1973,0,6.8828,-0.25686,49
374,10,-0.21484,6.8262,0.60938,0.25686,83
374,10,0,6.8496,0.83398,0.25686,87
374,10,0,6.8398,1.2012,0.25686,79
374,10,0.21875,6.9004,1.0859,0.25686,73
374,10,0,6.834,-0.55078,-0.25686,77
374,10,-0.21484,6.8887,-0.35352,-0.25686,81
374,10,0,6.9414,0.21875,-0.25686,70
374,10,0.21875,6.9785,0.27344,-0.25686,62
374,10,-2.3867,2.3633,-6.0781,-0.25686,44
374,10,-2.6211,0,-6.5645,-0.25686,41
375,19,1.4219,1.375,0.017578,0.25686,112
375,19,1.4531,1.4023,0.09375,0.25686,134
375,19,-0.21289,6.8086,0.11133,0.25686,75
375,19,-0.21484,6.8477,0.25977,0.25686,182
375,19,0,6.877,0.56641,0.25686,205
375,19,0.2168,6.8672,1.0098,0.25686,180
375,19,0.21875,6.9355,0.82813,0.25686,158
375,19,0.2207,7.0293,-0.042969,0.25686,92
375,19,0,6.8262,0.63672,0.51373,60
375,19,0,6.8594,0.75781,0.51373,70
375,19,0.2168,6.8418,1.166,0.51373,62
375,19,1.4531,1.4063,0.011719,-0.25686,117
375,19,0,6.8535,-0.19531,-0.25686,155
375,19,0,6.8984,-0.13477,-0.25686,168
375,19,0,6.9414,0.21289,-0.25686,151
375,19,0.21875,6.9844,0.09375,-0.25686,127
375,19,0.2207,6.9824,-0.80273,-0.25686,70
375,19,-2.5879,2.7246,-5.7871,0.51373,36
375,19,-2.3867,3.3828,-5.5742,0.51373,33
377,2,0.3125,0.35742,0.22852,-1.2843,9
377,2,-0.52734,0,0.43945,-1.2843,8
378,4,0.13281,0.38867,0.33203,1.2843,11
378,4,-0.21484,0.14063,-0.46094,1.5412,12
378,4,-0.29688,0.24219,0.36328,1.2843,11
378,4,-0.49414,0,0.1875,1.5412,11
380,5,1.4219,1.375,0.0039063,0.25686,87
380,5,1.4531,1.4043,-0.076172,0.25686,114
380,5,-0.21484,6.8965,0.046875,0.25686,62
380,5,0,6.9336,0.38477,0.25686,62
380,5,1.5156,1.3223,-0.20508,-0.25686,92
382,6,-0.21484,6.7461,1.4355,0.25686,56
382,6,1.5156,1.3184,-0.2207,-0.25686,68
382,6,0,6.8984,-0.14648,-0.25686,62
382,6,0,6.9141,0.64258,-0.25686,60
382,6,-2.8027,3.127,-5.4746,0.25686,30
382,6,-2.5879,0,-6.5488,-0.25686,33
383,2,0.2168,6.668,1.9277,-0.25686,61
383,2,-2.3867,4.7246,-4.4941,-0.25686,32
386,5,-0.21484,6.7754,1.0293,0.25686,65
386,5,0,6.8477,0.85352,0.25686,73
386,5,0,6.8301,1.248,0.25686,67
386,5,0.082031,0.29688,0.42773,-1.0275,11
386,5,0.44531,0.20703,0.19336,-1.0275,10
387,2,1.4531,1.4063,0.0039063,0.25686,85
387,2,1.5156,1.3359,-0.070313,-0.25686,99
389,1,-0.21484,6.8965,0.027344,-0.25686,64
390,2,0.46094,0.22656,0.11719,-1.2843,12
390,2,-0.29688,0.37305,0.22461,-1.2843,8
391,8,-0.21484,6.8496,0.21289,0.25686,104
391,8,0,6.8594,0.74219,0.25686,115
391,8,0,6.7734,1.5313,0.25686,102
391,8,0,6.8066,1.5801,0.25686,88
391,8,0,6.8555,0.091797,-0.25686,98
391,8,0,6.8945,0.25977,-0.25686,110
391,8,0,6.918,0.61133,-0.25686,100
391,8,0.21875,6.9551,0.63477,-0.25686,90
393,10,-0.21484,6.8359,0.47461,0.25686,96
393,10,0,6.8633,0.70703,0.25686,104
393,10,0,6.877,0.96875,0.25686,90
393,10,0,6.9453,0.76563,0.25686,79
393,10,0,6.8496,0.29492,-0.25686,109
393,10,0.21484,6.8848,0.41406,-0.25686,115
393,10,0.43359,6.8945,0.70703,-0.25686,92
393,10,0.4375,6.9609,0.4375,-0.25686,73
393,10,-2.3867,3.5859,-5.4453,-0.25686,53
393,10,-2.4023,3.0664,-5.8027,-0.25686,47
394,20,-0.21484,6.8262,-0.60156,0,42
394,20,0.21484,6.8926,-0.24414,0,45
394,20,0,6.9375,-0.29883,0,40
394,20,-0.21289,6.7813,0.61328,0.25686,87
394,20,-0.21484,6.8008,0.83984,0.25686,204
394,20,0,6.7871,1.2402,0.25686,226
394,20,0,6.7227,1.7383,0.25686,193
394,20,0.21875,6.7891,1.6406,0.25686,161
394,20,0.2207,7.002,0.60352,0.25686,91
394,20,0,6.582,2.0703,0.51373,71
394,20,0,6.7871,-0.97461,-0.51373,88
394,20,0,6.8438,-0.88477,-0.51373,94
394,20,0,6.918,-0.5957,-0.51373,83
394,20,0,6.9434,-0.79492,-0.51373,69
394,20,-0.21289,6.793,-0.47266,-0.25686,123
394,20,-0.21484,6.8438,-0.37305,-0.25686,265
394,20,0,6.9004,-0.056641,-0.25686,292
394,20,0.2168,6.9316,0.34375,-0.25686,251
394,20,0.21875,6.9824,0.1543,-0.25686,215
394,20,0.2207,6.959,-0.98633,-0.25686,124
395,18,1.4219,1.3672,0.15039,0.25686,124
395,18,1.4531,1.3887,0.2207,0.25686,158
395,18,1.4844,1.377,0.4082,0.25686,101
395,18,-0.42773,6.8203,0.56445,0.25686,115
395,18,-0.21484,6.8398,0.89063,0.25686,126
395,18,-0.2168,6.8281,1.2461,0.25686,110
395,18,0.21875,6.9277,0.88867,0.25686,95
395,18,1.5938,0.61523,0.41797,-0.25686,85
395,18,1.6328,0.62891,0.42969,-0.25686,84
395,18,1.4824,1.2988,-0.15234,-0.25686,161
395,18,1.5156,1.334,-0.082031,-0.25686,197
395,18,1.5488,1.3672,-0.0019531,-0.25686,120
395,18,0,6.8262,-0.63672,-0.25686,117
395,18,0,6.8691,-0.64453,-0.25686,132
395,18,0.2168,6.9414,-0.0039063,-0.25686,123
395,18,0.21875,6.9844,0.089844,-0.25686,112
395,18,-2.6035,3.0391,-5.6758,0.25686,58
395,18,-2.4023,2.793,-5.9395,0.25686,50
396,1,1.5156,1.3242,-0.1875,-0.25686,105
398,4,1.3594,1.4336,-0.089844,0.25686,91
398,4,1.3906,1.4688,-0.021484,0.25686,116
398,4,1.4219,1.3613,-0.1875,-0.25686,112
398,4,1.4531,1.3945,-0.18359,-0.25686,137
399,22,0,6.8555,0.058594,0,79
399,22,0.21484,6.8828,0.44531,0,86
399,22,0.2168,6.8984,0.76563,0,67
399,22,0,6.9844,0.22656,0,49
399,22,1.4824,0.78906,0.51563,0.25686,81
399,22,1.4082,1.0566,0.38477,0.25686,90
399,22,1.3594,1.4355,-0.064453,0.25686,121
399,22,1.3906,1.4668,0.042969,0.25686,152
399,22,0,6.8438,0.42773,0.25686,101
399,22,0.21484,6.8633,0.67969,0.25686,105
399,22,0.2168,6.8594,1.0566,0.25686,79
399,22,1.5391,0.69727,0.48828,-0.25686,90
399,22,1.5195,0.91992,0.30078,-0.25686,89
399,22,1.4219,1.3672,-0.14453,-0.25686,146
399,22,1.4531,1.4063,-0.03125,-0.25686,188
399,22,1.4844,1.416,0.24219,-0.25686,124
399,22,-0.42773,6.834,-0.3418,-0.25686,87
399,22,-0.21484,6.8965,0.048828,-0.25686,95
399,22,0,6.9023,0.76953,-0.25686,78
399,22,0,6.9531,0.70508,-0.25686,64
399,22,-2.4023,3.7363,-5.3945,0,26
399,22,1.5156,1.334,0.097656,0.25686,152
400,50,1.4219,1.3398,0.3125,0,195
400,50,1.4531,1.3887,0.22266,0,262
400,50,1.4844,1.4297,0.12695,0,171
400,50,0,6.7656,1.1133,0,69
400,50,0,6.7813,1.2754,0,65
400,50,1.4824,0.64648,0.6875,0.25686,151
400,50,1.3594,1.3535,0.47852,0.25686,369
400,50,1.4531,1.3242,0.4707,0.25686,484
400,50,1.4844,1.3535,0.48047,0.25686,306
400,50,-0.21289,6.7695,0.72461,0.25686,104
400,50,-0.21484,6.8086,0.77344,0.25686,204
400,50,0,6.8496,0.8418,0.25686,194
400,50,0,6.9082,0.69922,0.25686,109
400,50,0.21875,6.9844,0.080078,0.25686,113
400,50,0.2207,7.0215,-0.32422,0.25686,94
400,50,1.3594,1.291,0.63086,0.51373,122
400,50,1.3906,1.3242,0.63281,0.51373,163
400,50,1.4199,1.3301,0.69141,0.51373,107
400,50,-0.21484,6.7305,1.291,0.51373,77
400,50,0,6.7637,1.3672,0.51373,70
400,50,-0.21484,0.48047,-0.033203,-0.77059,14
400,50,1.4824,1.3066,0.054688,-0.51373,242
400,50,1.5156,1.3379,-0.017578,-0.51373,321
400,50,1.5488,1.3633,-0.078125,-0.51373,207
400,50,1.582,1.3926,-0.091797,-0.51373,73
400,50,0.21484,6.8516,-0.080078,-0.51373,94
400,50,0.21484,6.8945,0.19141,-0.51373,86
400,50,0.6543,6.7891,-1.5234,-0.51373,43
400,50,0.62695,0.15039,0.53125,-0.25686,45
400,50,0.66016,0,0.73047,-0.25686,45
400,50,1.5391,0.72852,0.44141,-0.25686,243
400,50,1.4219,1.3613,0.19727,-0.25686,687
400,50,1.4531,1.4004,0.13086,-0.25686,908
400,50,1.4844,1.4336,0.082031,-0.25686,584
400,50,1.5156,1.4648,0.066406,-0.25686,201
400,50,0,6.8105,0.14258,-0.25686,129
400,50,0,6.8535,0.2207,-0.25686,266
400,50,0,6.8926,0.30469,-0.25686,238
400,50,0,6.9434,0.14063,-0.25686,90
400,50,0.4375,6.875,-1.1699,-0.25686,136
400,50,0.43945,6.9238,-1.1465,-0.25686,128
400,50,-2.4023,0,-6.7051,0.25686,57
400,50,-2.418,0,6.6836,0.25686,50
400,50,0.048828,0.48047,0.21094,-0.77059,12
400,50,-1.9648,3.1387,5.9258,-0.51373,31
400,50,0.18359,0.74805,-0.32227,-0.25686,39
400,50,0.13672,0.84961,-0.17578,-0.25686,39
400,50,-2.3867,0,-6.9258,-0.25686,51
400,50,-1.9648,2.75,6.1172,-0.25686,81
400,50,-2.1973,3.1582,5.8867,-0.25686,83
401,27,1.5391,0.73828,0.42383,0,93
401,27,1.5762,0.81055,0.32227,0,94
401,27,1.4824,1.168,0.58984,0,60
401,27,1.5156,1.2246,0.53711,0,94
401,27,1.4844,1.3555,0.47656,0,79
401,27,1.4453,0.81445,0.42773,0.25686,140
401,27,1.5391,0.7207,0.45117,0.25686,321
401,27,1.5762,0.80469,0.33594,0.25686,316
401,27,1.4824,1.1543,0.61719,0.25686,209
401,27,1.5156,1.1719,0.64258,0.25686,367
401,27,1.4844,1.2891,0.63086,0.25686,325
401,27,1.5156,1.2773,0.7207,0.25686,144
401,27,-0.43164,6.6504,1.7891,0.25686,83
401,27,0,6.4316,2.6191,0.25686,142
401,27,-0.21875,6.1641,3.2852,0.25686,146
401,27,1.4824,0.77734,0.53516,0.51373,111
401,27,1.5195,0.86914,0.42578,0.51373,105
401,27,1.4219,1.1406,0.76953,0.51373,71
401,27,1.4531,1.1504,0.80664,0.51373,126
401,27,1.4844,1.1797,0.82031,0.51373,109
401,27,1.5391,0.83398,0.17188,-0.25686,164
401,27,1.5762,0.87109,0.060547,-0.25686,159
401,27,1.4824,1.2773,0.28125,-0.25686,115
401,27,1.5156,1.2891,0.35352,-0.25686,214
401,27,1.5488,1.3086,0.39063,-0.25686,194
401,27,-0.2168,6.9023,0.72266,-0.25686,133
401,27,0,6.9688,0.50781,-0.25686,151
402,37,1.5938,0.57031,0.47656,0,77
402,37,1.6328,0.59766,0.4707,0,87
402,37,1.5449,1.1367,0.48047,0,90
402,37,1.5801,1.1836,0.43945,0,126
402,37,1.6133,1.2578,0.2832,0,72
402,37,0.43359,6.9063,0.58594,0,47
402,37,0.21875,6.957,0.63086,0,57
402,37,1.2305,0.61328,0.29492,0.25686,82
402,37,1.5391,0.69922,0.48633,0.25686,224
402,37,1.6328,0.54883,0.52734,0.25686,283
402,37,1.4512,1.1172,0.62305,0.25686,191
402,37,1.4824,1.1543,0.61523,0.25686,448
402,37,1.5801,1.1113,0.59766,0.25686,577
402,37,1.6133,1.1836,0.51172,0.25686,345
402,37,0.16016,4.457,2.4707,0.25686,101
402,37,0.21484,6.5176,2.2539,0.25686,104
402,37,0,6.4102,2.6699,0.25686,179
402,37,0,6.5156,2.5273,0.25686,188
402,37,0,6.8008,1.7852,0.25686,87
402,37,1.5449,0.99219,0.73438,0.51373,154
402,37,1.5156,1.1406,0.69727,0.51373,200
402,37,1.5488,1.2305,0.59375,0.51373,115
402,37,0,6.498,2.5742,0.51373,64
402,37,1.4824,1.2852,0.24023,-0.51373,94
402,37,1.5801,1.2441,0.2168,-0.51373,120
402,37,1.4512,1.1953,0.45508,-0.25686,142
402,37,1.5449,1.1699,0.39648,-0.25686,294
402,37,1.5801,1.209,0.36328,-0.25686,373
402,37,1.6133,1.252,0.31055,-0.25686,228
402,37,0.16016,4.6309,2.127,-0.25686,68
402,37,0,6.543,2.1934,-0.25686,70
402,37,0,6.6543,1.9863,-0.25686,113
402,37,0.21875,6.877,1.2188,-0.25686,119
402,37,0.2207,7.0273,0.10547,-0.25686,71
402,37,-2.6367,3.8281,-5.2754,0.25686,49
402,37,-2.4023,1.6094,-6.3613,-0.25686,72
402,37,-2.418,0,6.9902,-0.25686,56
404,2,-0.37891,0.29102,-0.22266,-0.77059,10
404,2,-0.19727,0.375,0.31445,-0.77059,9
406,2,0.47852,0,0.30469,-1.0275,11
406,2,-0.36328,0.21484,-0.31641,-1.0275,11
411,13,0.42578,6.7734,0.57813,0.25686,101
411,13,0.42773,6.7109,1.3379,0.25686,144
411,13,0.64648,6.4297,2.4199,0.25686,99
411,13,1.0859,6.3828,2.5098,0.25686,98
411,13,0.4375,6.5371,2.4316,0.25686,86
411,13,0.2207,6.793,1.8066,0.25686,55
411,13,0.63867,6.7813,0.097656,-0.25686,78
411,13,0.42773,6.8047,0.73242,-0.25686,112
411,13,0.64648,6.5352,2.1191,-0.25686,74
411,13,1.0859,6.6035,1.8574,-0.25686,76
411,13,0.6543,6.7148,1.8203,-0.25686,68
411,13,-2.1836,4.3887,-4.9805,0.25686,47
411,13,-2.1973,3.8516,-5.457,0.25686,41
412,17,1.6426,1.0469,0.54102,0.25686,84
412,17,0.42578,6.6895,1.2207,0.25686,99
412,17,0.21484,6.6152,1.791,0.25686,141
412,17,0.64648,6.2344,2.8867,0.25686,96
412,17,1.0859,6.2656,2.791,0.25686,96
412,17,0.6543,6.3574,2.8262,0.25686,88
412,17,0.43945,6.6367,2.2832,0.25686,60
412,17,1.6426,1.1563,0.22852,-0.25686,83
412,17,0.63867,6.7813,-0.13672,-0.25686,115
412,17,0.21484,6.8262,0.59766,-0.25686,163
412,17,0.64648,6.6406,1.7578,-0.25686,119
412,17,1.0859,6.6621,1.6289,-0.25686,125
412,17,0.6543,6.7305,1.7598,-0.25686,117
412,17,0.66016,6.8477,1.4609,-0.25686,81
412,17,-2.1836,5.0117,-4.3535,0.25686,51
412,17,-2.1973,4.5469,-4.8945,0.25686,43
412,17,-1.9785,3.2148,-5.9336,-0.25686,45
413,22,1.6426,1.084,0.46289,0.25686,128
413,22,1.6777,1.1367,0.39844,0.25686,109
413,22,0.63867,6.7402,0.75195,0.25686,142
413,22,0.42773,6.6797,1.4824,0.25686,199
413,22,0.64648,6.2949,2.7539,0.25686,127
413,22,1.0859,6.418,2.4219,0.25686,136
413,22,0.6543,6.5176,2.4355,0.25686,128
413,22,0.66016,6.6758,2.1113,0.25686,87
413,22,-0.23047,0.16016,-0.44727,-1.798,16
413,22,1.6426,1.1445,0.2793,-0.25686,108
413,22,1.7422,1.0801,0.25,-0.25686,91
413,22,0.63867,6.7813,0.15625,-0.25686,113
413,22,0.42773,6.7637,1.0391,-0.25686,160
413,22,0.43164,6.416,2.502,-0.25686,101
413,22,1.0859,6.6855,1.5313,-0.25686,108
413,22,0.6543,6.7617,1.6387,-0.25686,107
413,22,0.66016,6.8535,1.4297,-0.25686,73
413,22,-2.1836,4.9277,-4.4473,0.25686,73
413,22,-2.1973,4.7773,-4.668,0.25686,58
413,22,-0.37891,0,-0.42188,-1.798,15
413,22,-1.9648,4.0059,-5.3789,-0.25686,59
413,22,-1.9785,3.3594,-5.8535,-0.25686,46
414,8,1.6426,1.0332,0.56641,0.25686,66
414,8,0,6.8262,0.65234,0.25686,73
414,8,0.86719,6.4805,2.3418,0.25686,55
414,8,0.6543,6.4238,2.6719,0.25686,54
414,8,0.64258,6.6563,1.5098,-0.25686,65
414,8,1.0859,6.5859,1.9141,-0.25686,39
414,8,-1.9277,2.1973,-6.2012,-0.25686,33
414,8,-1.5195,5.3301,-4.1836,-0.25686,26
415,16,1.6426,1.1016,0.41797,0.25686,91
415,16,1.6777,1.1406,0.38672,0.25686,73
415,16,0.42578,6.7285,0.97852,0.25686,65
415,16,0.42773,6.582,1.8711,0.25686,97
415,16,0.86328,6.2988,2.6816,0.25686,67
415,16,1.3027,6.2637,2.7031,0.25686,77
415,16,0.87305,6.3008,2.8926,0.25686,71
415,16,1.6426,1.1641,0.18164,-0.25686,112
415,16,1.6777,1.1934,0.16797,-0.25686,94
415,16,0.21484,6.793,0.9082,-0.25686,112
415,16,0.64648,6.459,2.3379,-0.25686,73
415,16,1.0859,6.6074,1.8379,-0.25686,77
415,16,0.6543,6.7031,1.8613,-0.25686,75
415,16,0.66016,6.793,1.6934,-0.25686,50
415,16,-2.1836,4.8496,-4.5332,0.25686,36
415,16,-2.1973,4.1016,-5.2734,-0.25686,30
418,2,-0.066406,0.52148,0.052734,1.0275,9
418,2,-0.26367,0,-0.51758,1.0275,8
421,4,0.24805,0.33398,-0.32422,0.77059,13
421,4,0.26367,0.2168,-0.40234,1.0275,12
421,4,-0.46094,0,-0.37305,0.77059,9
421,4,-0.3457,0,0.41602,1.0275,11
423,2,-0.37891,0.32617,0.16797,-0.77059,13
423,2,0.082031,0.5,0.14648,-0.77059,10
424,2,0.3457,0.33594,0.21289,1.798,12
424,2,-0.16406,0.45508,0.21094,1.798,12
425,6,-0.44531,0,0.29688,1.0275,10
425,6,-0.48242,0,0.31641,1.0275,15
425,6,-0.26758,0.43164,-0.26172,1.2843,14
425,6,0.3457,0.078125,-0.39063,1.0275,9
425,6,-0.28516,0.2832,-0.40625,1.0275,13
425,6,0.072266,0.3125,-0.47266,1.2843,12
429,2,-0.26367,0.080078,-0.44922,-1.2843,9
429,2,-0.066406,0.43945,0.2832,-1.2843,9
430,2,0.2793,0.42969,0.12305,1.5412,12
430,2,-0.36328,0.38281,-0.011719,1.5412,9
433,2,-0.46094,0,0.51172,-0.51373,10
433,2,-0.099609,0.27539,0.43945,-0.51373,10
444,2,0.066406,0.10547,0.51172,-2.0549,13
444,2,-0.082031,0.33008,-0.40234,-2.0549,13
446,4,0.39648,0.32813,0.11914,1.2843,13
446,4,0.42773,0.21289,0.22266,1.5412,12
446,4,-0.33008,0.36914,-0.17969,1.2843,12
446,4,0,0.49414,0.18555,1.5412,7
448,8,-0.14844,0.22461,0.45313,-1.5412,13
448,8,0.10742,0.3457,0.44141,-1.5412,13
448,8,-0.3457,0.38672,0.09375,-1.2843,13
448,8,-0.33984,0.41797,0.19336,-1.2843,18
448,8,0.46094,0.15039,0.20703,-1.5412,11
448,8,-0.14258,0.55273,0.03125,-1.5412,13
448,8,-0.14844,0.36523,-0.35156,-1.2843,13
448,8,0.16016,0.21289,0.50586,-1.2843,14
458,2,0.35742,0,0.47656,1.0275,9
458,2,-0.57227,0,0.12109,1.0275,8
470,4,0.44531,0,0.34961,1.2843,13
470,4,0.099609,0.47852,0.19727,-1.5412,12
470,4,-0.24805,0.24414,-0.39648,1.2843,12
470,4,0.51172,0,0.16797,-1.5412,12
478,4,0.46094,0.25,-0.050781,1.798,9
478,4,-0.37891,0.36523,0.033203,-1.0275,15
478,4,-0.42773,0.30078,-0.066406,1.798,8
478,4,-0.18164,0.32227,-0.37695,-1.0275,9
484,4,0.3125,0.13281,-0.40234,-1.5412,13
484,4,0.33008,0.18945,-0.36523,-1.2843,11
484,4,-0.46094,0,0.33203,-1.5412,11
484,4,-0.14844,0.38672,0.32617,-1.2843,9
485,2,0.46094,0,-0.35742,1.5412,9
485,2,-0.33008,0.31055,0.26953,1.5412,9
494,4,-0.49414,1.6816,0.12305,0.25686,61
494,4,-0.50586,1.7246,0.13477,0.25686,50
494,4,-1.4277,0,-1.623,0.25686,48
494,4,-1.5195,0,-1.5703,0.25686,34
495,2,-0.57617,1.6328,0.63867,0.25686,41
495,2,-1.5566,0,-1.4141,0.25686,40
496,2,-0.41211,0.26563,0.19336,1.2843,10
496,2,-0.37891,0.32227,0.17383,1.2843,10
497,2,-0.16016,0.3457,-0.42578,-1.2843,15
497,2,0.48242,0.17773,0.25,-1.2843,10
498,4,-1.5938,0,-1.6855,0,28
498,4,-0.53125,1.7441,0.5,0.25686,59
498,4,-0.53125,1.793,0.26953,0,27
498,4,-1.5938,0,-1.4629,0.25686,55
507,2,-0.21484,0.17188,0.50195,1.2843,14
507,2,0.46484,0,-0.47656,1.2843,11
516,4,-0.048828,0.45703,-0.25781,1.0275,14
516,4,-0.048828,0.44141,0.28516,-1.2843,11
516,4,-0.3457,0.25195,0.30664,1.0275,13
516,4,-0.3457,0.35352,-0.18359,-1.2843,9
518,2,0.49414,0.18164,0.03125,1.5412,14
518,2,-0.2793,0.44727,0.021484,1.5412,13
560,8,-0.83984,1.5781,1.3516,0,26
560,8,0.33008,0.27734,-0.30469,-2.0549,12
560,8,0,1.5625,-1.5449,-0.25686,48
560,8,-0.83984,1.7773,1.0762,-0.25686,50
560,8,-0.070313,1.7285,-1.4258,0,18
560,8,-0.51172,0,-0.52539,-2.0549,11
560,8,-0.75586,1.6738,1.207,-0.25686,45
560,8,0,1.4746,-1.6875,-0.25686,37
561,6,-0.3457,0.20313,0.3418,-1.0275,15
561,6,-0.74023,1.4492,1.4102,-0.25686,45
561,6,-0.82422,1.7227,1.0879,-0.25686,52
561,6,0.23047,0.46875,-0.070313,-1.0275,11
561,6,0.13477,1.8477,-1.0977,-0.25686,34
561,6,0.068359,1.6211,-1.4824,-0.25686,35
562,2,-0.875,1.7109,0.9707,-0.25686,43
562,2,-0.74023,1.7656,0.98438,-0.25686,43
563,10,-0.79102,1.5313,1.2168,0,46
563,10,-0.80664,1.6641,1.1035,0,51
563,10,-0.80664,1.7832,0.89844,-0.51373,44
563,10,-0.79102,1.5996,1.125,-0.25686,91
563,10,-0.80664,1.7441,0.97266,-0.25686,101
563,10,0.066406,1.8184,-1.0684,0,31
563,10,0.20117,1.7324,-1.2637,0,34
563,10,0.26953,1.5742,-1.4434,-0.51373,32
563,10,0.13281,1.8086,-1.0762,-0.25686,63
563,10,0.26953,1.6934,-1.3027,-0.25686,68
564,10,-0.79102,1.584,1.1465,0,40
564,10,0.41211,0,0.4375,0.51373,16
564,10,-0.77539,1.5059,1.1816,-0.25686,60
564,10,-0.79102,1.668,1.0195,-0.25686,83
564,10,-0.80664,1.791,0.88281,-0.25686,55
564,10,0.13281,1.8203,-1.0586,0,30
564,10,-0.16406,0,0.52148,0.51373,12
564,10,0.12891,1.8203,-0.9668,-0.25686,32
564,10,0.13281,1.6934,-1.252,-0.25686,56
564,10,0.33594,1.6348,-1.3613,-0.25686,45
565,4,-0.77539,1.5957,1.0586,-0.25686,68
565,4,-0.79102,1.791,0.78711,-0.25686,64
565,4,0.12891,1.7754,-1.0488,-0.25686,50
565,4,0.13281,1.7051,-1.2344,-0.25686,47
566,8,-0.75781,1.5703,1.0234,0,28
566,8,-0.83984,1.627,0.95898,0,33
566,8,-0.75781,1.584,1.002,-0.25686,60
566,8,-0.77539,1.6973,0.88672,-0.25686,72
566,8,0.0625,1.7598,-0.99219,0,23
566,8,0.25781,1.8125,-0.95703,0,25
566,8,0.18945,1.8086,-0.88281,-0.25686,52
566,8,0.32227,1.7246,-1.0898,-0.25686,51
571,6,-0.76758,1.4629,0.91797,-0.25686,46
571,6,-0.72461,1.6387,0.72852,-0.25686,61
571,6,-0.74219,1.7207,0.63477,-0.25686,38
571,6,-1.8301,0,-1.0898,-0.25686,33
571,6,-1.8125,0,-1.2285,-0.25686,41
571,6,-1.793,0,-1.3867,-0.25686,25
572,2,0.082031,0.20117,0.48047,-1.5412,8
572,2,0.46094,0.24023,-0.087891,-1.5412,8
575,4,-0.24805,0.43555,-0.16406,1.798,15
575,4,-0.44531,0.21289,-0.18555,-2.0549,9
575,4,0.33008,0.21875,0.34961,1.798,10
575,4,0.41211,0.14258,0.29688,-2.0549,8
576,4,-0.71484,1.5449,0.43945,-0.25686,48
576,4,-0.73242,1.5703,0.49805,-0.25686,54
576,4,-1.5938,0,-1.3086,-0.25686,39
576,4,-1.6895,0,-1.3242,-0.25686,38
577,8,-0.66016,1.4785,0.68555,0,35
577,8,-0.61914,1.4805,0.81836,0,28
577,8,-0.60352,1.5391,0.59961,-0.25686,75
577,8,-0.67578,1.5313,0.66602,-0.25686,57
577,8,-1.7031,0,-1.0215,0,27
577,8,-1.6895,0,-0.92773,0,19
577,8,-1.6484,0,-1.1484,-0.25686,58
577,8,-1.6895,0,-1.1406,-0.25686,43
579,2,-0.30273,0.34375,0.33984,-2.0549,13
579,2,0.42773,0.18164,-0.33203,-2.0549,9
580,4,-0.67773,1.4414,0.5,-0.25686,68
580,4,-0.69727,1.4727,0.53125,-0.25686,58
580,4,-1.6172,0,-1.0977,-0.25686,52
580,4,-1.6602,0,-1.0078,-0.25686,43
581,12,-0.67773,1.4395,0.50586,0,43
581,12,-0.69727,1.4648,0.55469,0,34
581,12,-0.37891,0,-0.49414,0.77059,13
581,12,-0.60938,1.4668,0.3457,-0.25686,68
581,12,-0.62695,1.5,0.38672,-0.25686,109
581,12,-0.64258,1.5332,0.41406,-0.25686,85
581,12,-1.6172,0,-1.2461,0,32
581,12,-1.6602,0,-1.3789,0,26
581,12,0,0.33984,0.40234,0.77059,10
581,12,-1.5254,0,-1.2246,-0.25686,46
581,12,-1.5664,0,-1.2695,-0.25686,76
581,12,-1.6074,0,-1.334,-0.25686,62
583,4,-0.71094,1.4277,0.31445,-0.25686,54
583,4,-0.67773,1.4941,0.31055,-0.25686,56
583,4,-1.5762,0,-1.2617,-0.25686,38
583,4,-1.6172,0,-1.3574,-0.25686,41
584,4,-0.55859,1.5137,0.20508,-0.25686,72
584,4,-0.62695,1.5352,0.20898,-0.25686,58
584,4,-1.5254,0,-1.4375,-0.25686,44
584,4,-1.5664,0,-1.5332,-0.25686,34
585,8,-0.71094,1.373,0.50195,0,34
585,8,-0.64258,1.4258,0.24219,-0.25686,56
585,8,-0.66016,1.4395,0.37109,-0.25686,69
585,8,-0.67773,1.4629,0.43359,-0.25686,49
585,8,-1.5762,0,-1.1973,0,30
585,8,-1.5332,0,-1.3828,-0.25686,43
585,8,-1.5762,0,-1.291,-0.25686,50
585,8,-1.6172,0,-1.2031,-0.25686,37
586,4,0.42773,0.2168,0.21875,-0.77059,15
586,4,0.13281,0.27734,0.42773,-0.51373,13
586,4,-0.36328,0.2207,0.3125,-0.77059,14
586,4,0.39648,0,0.46875,-0.51373,12
589,2,0.36328,0,0.40039,0.51373,13
589,2,-0.2793,0.32031,-0.31055,0.51373,12
593,4,-0.21484,0,0.48438,1.798,16
593,4,-0.33008,0,-0.47656,-2.0549,19
593,4,0.33008,0.30664,-0.27539,1.798,11
593,4,0.41211,0.31836,-0.083984,-2.0549,12
598,2,0.19727,0.18359,-0.45313,-2.0549,12
598,2,-0.39648,0.11914,0.32813,-2.0549,8
603,2,-0.47852,0.21875,-0.044922,-1.5412,14
603,2,-0.2793,0.43555,-0.099609,-1.5412,13
623,2,0.3125,0.27344,0.32422,-1.5412,10
623,2,-0.49414,0.18164,0.029297,-1.5412,10
637,4,0.37891,0.36328,-0.054688,-1.0275,13
637,4,0.082031,0.51563,0.070313,-0.77059,12
637,4,0.066406,0.51563,0.089844,-1.0275,12
637,4,0.3125,0.33008,0.26758,-0.77059,9
640,2,-0.29688,0.3457,-0.26563,1.798,17
640,2,-0.32227,0.43945,-0.17383,1.798,19
656,2,-0.57617,1.4141,0.17773,0.25686,50
656,2,-1.4414,0,-1.1465,0.25686,39
657,10,-0.57617,1.4063,0.24023,0,34
657,10,-0.59375,1.4375,0.29102,0,36
657,10,-1.3535,0,-1.0742,0.25686,37
657,10,-0.57617,1.3828,0.3457,0.25686,76
657,10,-0.59375,1.4199,0.37109,0.25686,76
657,10,-1.3945,0,-1.293,0,29
657,10,-1.4824,0,-1.377,0,30
657,10,-0.56055,1.3398,0.34961,0.25686,35
657,10,-1.4414,0,-1.1465,0.25686,69
657,10,-1.4824,0,-1.2188,0.25686,71
659,2,-0.59375,1.3926,0.45898,0.25686,47
659,2,-1.5332,0,-1.1875,0.25686,31
660,2,0.033203,0.34961,0.39258,0.77059,11
660,2,0.33008,0.29492,-0.28711,0.77059,9
661,8,-0.60938,1.4746,0.3125,0,38
661,8,-0.62695,1.5059,0.35938,0,34
661,8,-0.60938,1.4512,0.4082,0.25686,88
661,8,-0.67773,1.4629,0.4375,0.25686,73
661,8,-1.4746,0,-1.3691,0,29
661,8,-1.5664,0,-1.3418,0,26
661,8,-1.4746,0,-1.209,0.25686,69
661,8,-1.5664,0,-1.2207,0.25686,55
662,10,-0.55859,1.4902,0.33203,0,39
662,10,-0.62695,1.5176,0.30273,0,43
662,10,-0.60938,1.4512,0.40625,0.25686,77
662,10,-0.62695,1.4844,0.43945,0.25686,89
662,10,-0.64258,1.4922,0.54688,0.25686,46
662,10,-1.5254,0,-1.2813,0,23
662,10,-1.5664,0,-1.2695,0,27
662,10,-1.5254,0,-1.2246,0.25686,52
662,10,-1.5664,0,-1.2285,0.25686,63
662,10,0.91016,1.3633,0.49805,0.25686,32
664,6,-0.57422,1.457,0.57813,0.25686,41
664,6,0.49414,0.16211,0.087891,1.5412,15
664,6,0.36328,0,0.44141,-2.0549,12
664,6,-1.5137,0,-0.96875,0.25686,38
664,6,0.33008,0,-0.51367,1.5412,9
664,6,-0.066406,0.43359,-0.29297,-2.0549,12
665,4,-0.62695,1.4805,0.45117,0.25686,65
665,4,-0.64258,1.5215,0.45703,0.25686,73
665,4,-1.5664,0,-1.0742,0.25686,54
665,4,-1.6074,0,-1.0488,0.25686,61
666,4,-0.64258,1.4668,0.61133,0.25686,62
666,4,-0.60352,1.5098,0.66602,0.25686,63
666,4,-1.5527,0,-1.1152,0.25686,50
666,4,-1.5938,0,-1.0996,0.25686,54
667,10,-1.5938,0,-1.2578,0,36
667,10,-0.61914,1.5781,0.60938,0,39
667,10,-0.60352,1.5313,0.61914,0.25686,79
667,10,-0.67578,1.5313,0.66602,0.25686,84
667,10,-0.69141,1.6035,0.59961,0.25686,62
667,10,-0.66016,1.5137,0.60352,0,35
667,10,-1.6328,0,-1.1387,0,30
667,10,-1.6484,0,-1.2383,0.25686,74
667,10,-1.6895,0,-1.1406,0.25686,68
667,10,-1.7305,0,-1.2559,0.25686,39
668,10,-0.60352,1.5957,0.42383,0,38
668,10,-0.5625,1.5977,0.61719,0,33
668,10,-0.54883,1.5625,0.58789,0.25686,80
668,10,-0.61914,1.5547,0.66797,0.25686,72
668,10,0.2793,0.375,0.24414,-0.77059,14
668,10,-1.5938,0,-1.3418,0,27
668,10,-1.5762,0,-1.0938,0,23
668,10,-1.5938,0,-1.1484,0.25686,54
668,10,-1.5762,0,-1.0156,0.25686,49
668,10,-0.3457,0.35938,-0.17188,-0.77059,11
670,9,-0.69141,1.5801,0.6582,0,37
670,9,-0.67578,1.5527,0.61523,0.25686,55
670,9,-0.69141,1.5273,0.77148,0.25686,69
670,9,-0.70898,1.498,0.91016,0.25686,54
670,9,0.23047,0.44531,0.16406,1.2843,12
670,9,-1.6738,0,-1.2559,0,33
670,9,-1.6328,0,-1.0625,0.25686,51
670,9,-1.6738,0,-1.0488,0.25686,67
670,9,-1.7129,0,-0.98828,0.25686,49
671,2,0.11719,1.5781,-1.0332,0.25686,45
671,2,-0.65039,1.6582,0.63086,0.25686,44
675,2,-0.74219,1.3145,1.2793,0.25686,47
675,2,-1.793,0.40234,-0.73242,0.25686,39
676,8,0.31641,1.7773,-0.91016,0,31
676,8,-0.61719,1.5723,1.0273,0.25686,59
676,8,-0.69531,1.584,1.0469,0.25686,68
676,8,-0.77539,1.5352,1.1445,0.25686,46
676,8,-0.63086,1.5449,1.1406,0,30
676,8,0.12305,1.8809,-0.5957,0.25686,54
676,8,0.25195,1.832,-0.81641,0.25686,58
676,8,0.32227,1.8438,-0.875,0.25686,34
678,2,-0.77539,1.6738,0.92773,0.25686,38
678,2,0.45117,1.7109,-1.0664,0.25686,37
683,6,-0.29688,0.4043,-0.16211,1.5412,17
683,6,-0.3125,0.38867,-0.16992,1.798,13
683,6,-0.33984,0.45313,-0.080078,1.798,11
683,6,0.14844,0.44141,-0.24805,1.5412,10
683,6,0.16406,0.48047,-0.14453,1.798,9
683,6,-0.10742,0.16602,0.53516,1.798,9
684,2,-0.61719,1.7988,1.1016,0.25686,43
684,2,0.41211,2.0293,-0.73828,0.25686,30
696,4,0.44531,0.27148,0.082031,-0.77059,11
696,4,0.5,0.25977,0.095703,-0.77059,11
696,4,-0.16406,0.37695,-0.33008,-0.77059,8
696,4,-0.375,0,0.50195,-0.77059,11
703,2,-0.47852,0,0.32617,1.0275,15
703,2,-0.23047,0.41797,0.22461,1.0275,9
705,2,0.13281,0.4043,0.3125,-0.51373,11
705,2,0.41211,0,-0.4082,-0.51373,8
708,2,-0.29688,0,0.46094,-1.0275,14
708,2,-0.14844,0.50586,-0.033203,-1.0275,13
710,2,0.11523,0.48242,0.17578,-1.5412,9
710,2,-0.37891,0.30859,0.19727,-1.5412,9
714,4,-0.48242,0.30469,0.035156,1.0275,17
714,4,0.46484,0.33008,-0.048828,1.2843,12
714,4,0.48242,0.30078,0.058594,1.0275,16
714,4,0.14258,0.5332,0.14648,1.2843,9
727,2,0.2793,0.30078,0.33008,0.77059,11
727,2,-0.46094,0,0.41406,0.77059,10
734,4,-0.3457,0.27734,0.28516,-1.5412,14
734,4,-0.33984,0.16797,0.42773,-1.5412,15
734,4,-0.18164,0.19922,-0.45313,-1.5412,12
734,4,-0.017578,0.056641,0.56836,-1.5412,11
740,10,-1.8535,0,-0.7207,0,31
740,10,0.33008,0.21484,0.35156,-0.77059,14
740,10,-0.28516,0.44531,0.21484,-0.77059,14
740,10,-1.8125,0,-0.8125,-0.25686,51
740,10,-0.61719,1.5938,0.99414,-0.25686,57
740,10,-0.67969,1.6133,0.91992,0,25
740,10,-0.51172,0,-0.19336,-0.77059,14
740,10,-0.10742,0.3125,-0.4668,-0.77059,12
740,10,-0.72461,1.3281,1.2051,-0.25686,45
740,10,-1.8535,0,-0.91016,-0.25686,54
743,12,-0.63477,1.4707,0.91797,0,35
743,12,-0.65039,1.457,1.0137,0,38
743,12,-0.53516,1.5996,0.30664,-0.25686,49
743,12,-0.63477,1.6055,0.65625,-0.25686,68
743,12,-0.65039,1.5859,0.79492,-0.25686,73
743,12,-0.66406,1.6211,0.81836,-0.25686,40
743,12,-1.6738,0,-1.1152,0,28
743,12,-1.7129,0,-1.0957,0,31
743,12,-1.5527,0,-1.0254,-0.25686,36
743,12,-1.6738,0,-1.1211,-0.25686,53
743,12,-1.7129,0,-1.125,-0.25686,59
743,12,-1.752,0,-1.1797,-0.25686,36
746,2,-0.63477,1.5723,0.72852,-0.25686,50
746,2,-1.6152,0,-1.1035,-0.25686,36
747,12,-0.60352,1.4453,0.79688,0,57
747,12,-0.61914,1.459,0.85547,0,53
747,12,-0.53516,1.5625,0.45898,-0.25686,69
747,12,-0.60352,1.5215,0.64063,-0.25686,132
747,12,-0.61914,1.541,0.69922,-0.25686,123
747,12,-0.69141,1.5547,0.71289,-0.25686,42
747,12,-1.5938,0,-1.0586,0,37
747,12,0.16797,1.4473,-1.0586,0,37
747,12,-1.5527,0,-1.3672,-0.25686,45
747,12,-1.5938,0,-1.1563,-0.25686,90
747,12,-1.6328,0,-1.127,-0.25686,84
747,12,0.23047,1.543,-0.98633,-0.25686,36
748,20,-0.58984,1.498,0.5918,0,37
748,20,-0.60352,1.5195,0.64453,0,52
748,20,-0.67578,1.5664,0.58008,0,41
748,20,0.29688,0.43555,0.0058594,1.798,13
748,20,-0.54883,1.6387,0.32422,-0.51373,53
748,20,-0.62695,1.5254,0.26953,-0.25686,46
748,20,-0.58984,1.543,0.46094,-0.25686,85
748,20,-0.60352,1.5586,0.54297,-0.25686,119
748,20,-0.61914,1.6152,0.50586,-0.25686,90
748,20,-0.69141,1.668,0.38477,-0.25686,59
748,20,-1.5527,0,-1.2969,0,25
748,20,-1.5938,0,-1.1641,0,37
748,20,-1.6895,0,-1.127,0,28
748,20,-0.3125,0.080078,-0.41602,1.798,13
748,20,-1.5938,0,-1.3574,-0.51373,40
748,20,-1.5137,0,-1.4863,-0.25686,34
748,20,-1.5527,0,-1.3594,-0.25686,65
748,20,-1.5938,0,-1.2012,-0.25686,88
748,20,-1.6328,0,-1.1895,-0.25686,66
748,20,-1.6738,0,-1.4043,-0.25686,45
749,10,-0.58984,1.5469,0.44141,0,52
749,10,-0.60352,1.5723,0.50391,0,48
749,10,-0.57422,1.5273,0.35547,-0.25686,48
749,10,-0.58984,1.5684,0.36328,-0.25686,113
749,10,-0.60352,1.6055,0.38672,-0.25686,107
749,10,-1.5527,0,-1.1875,0,41
749,10,-1.5938,0,-1.2227,0,36
749,10,-1.5137,0,-1.4551,-0.25686,42
749,10,-1.5,0,-1.377,-0.25686,85
749,10,-1.5938,0,-1.3809,-0.25686,79
750,10,-0.57422,1.5117,0.41992,0,39
750,10,-0.58984,1.5645,0.38086,0,50
750,10,-0.57422,1.5313,0.3418,-0.25686,81
750,10,-0.53516,1.5957,0.32227,-0.25686,100
750,10,-0.54883,1.6563,0.21094,-0.25686,59
750,10,-1.5137,0,-1.1133,0,32
750,10,-1.5527,0,-1.2559,0,36
750,10,-1.5137,0,-1.3398,-0.25686,57
750,10,-1.5527,0,-1.3809,-0.25686,65
750,10,0.33008,1.1582,-1.2813,-0.25686,38
751,12,-0.57422,1.4941,0.47656,0,71
751,12,-0.58984,1.5254,0.51172,0,61
751,12,-0.57422,1.5332,0.32617,-0.51373,54
751,12,-0.60938,1.4609,0.375,-0.25686,65
751,12,-0.57422,1.5176,0.39648,-0.25686,138
751,12,-0.58984,1.5547,0.41797,-0.25686,119
751,12,-1.5137,0,-1.1641,0,51
751,12,-1.5527,0,-1.1641,0,39
751,12,-1.5137,0,-1.2695,-0.51373,37
751,12,-1.4746,0,-1.1875,-0.25686,54
751,12,-1.5137,0,-1.2363,-0.25686,105
751,12,-1.5527,0,-1.2793,-0.25686,83
752,6,-0.62695,1.4492,0.54297,0.25686,37
752,6,-0.57422,1.543,0.2793,-0.25686,77
752,6,-0.58984,1.5801,0.30469,-0.25686,61
752,6,-1.5664,0,-1.0762,0.25686,28
752,6,-1.5137,0,-1.3184,-0.25686,54
752,6,-1.5527,0,-1.3047,-0.25686,38
753,2,-0.55859,1.498,0.29883,-0.25686,75
753,2,-1.4746,0,-1.4414,-0.25686,50
757,2,0.24805,0.44531,0.13672,-2.0549,14
757,2,0.066406,0.50586,0.13281,-2.0549,12
760,1,-0.3457,0,-0.50391,-2.0549,12
762,2,-0.44531,0.28125,-0.03125,1.2843,12
762,2,0.3125,0.38086,-0.18945,1.2843,11
769,2,-0.3125,0.37695,0.19531,1.0275,16
769,2,0.26367,0,0.52734,1.0275,13
779,4,0.33008,0.41016,0.037109,1.2843,13
779,4,-0.29688,0.3457,-0.26563,1.5412,16
779,4,-0.3125,0.32031,-0.2793,1.2843,13
779,4,0.3125,0.24414,0.34766,1.5412,12
783,2,0.49414,0.11719,0.14258,1.0275,13
783,2,0.015625,0.51172,0.12305,1.0275,12
788,4,-0.59375,1.418,0.37695,0.25686,56
788,4,-0.60938,1.4609,0.375,0.25686,53
788,4,-1.4824,0,-1.2891,0.25686,47
788,4,-1.5254,0,-1.293,0.25686,42
789,8,-0.54297,1.4707,0.20898,0,29
789,8,-0.55859,1.5176,0.16992,0,28
789,8,-0.54297,1.4688,0.23047,0.25686,76
789,8,-0.55859,1.5137,0.20313,0.25686,67
789,8,0.29688,0.61914,-1.4258,0,25
789,8,-1.5254,0,-1.125,0,25
789,8,-1.4824,0,-1.2441,0.25686,50
789,8,-1.5254,0,-1.1504,0.25686,52
791,2,-0.60938,1.4531,0.40234,0.25686,56
791,2,-1.5254,0,-1.25,0.25686,33
792,6,-0.55859,1.4844,0.35742,0.25686,53
792,6,-0.57422,1.5117,0.41602,0.25686,67
792,6,-0.64258,1.5078,0.5,0.25686,42
792,6,-1.4746,0,-1.1719,0.25686,48
792,6,-1.5137,0,-1.2188,0.25686,58
792,6,-1.5527,0,-1.3242,0.25686,33
793,16,-0.62695,1.5098,0.33984,0,66
793,16,-0.64258,1.5371,0.40234,0,58
793,16,-0.60938,1.4629,0.36133,0.25686,80
793,16,-0.62695,1.4863,0.43359,0.25686,148
793,16,-0.64258,1.5176,0.47266,0.25686,136
793,16,-0.60352,1.5781,0.48633,0.25686,54
793,16,-0.62695,1.4531,0.53711,0.51373,59
793,16,-0.64258,1.4824,0.57227,0.51373,57
793,16,-1.5664,0,-1.3965,0,46
793,16,-1.6074,0,-1.4063,0,44
793,16,-1.5254,0,-1.25,0.25686,53
793,16,-1.5664,0,-1.2285,0.25686,104
793,16,-1.6074,0,-1.2695,0.25686,99
793,16,-1.5938,0,-1.4883,0.25686,47
793,16,-1.5664,0,-1.0781,0.51373,39
793,16,-1.6074,0,-1.1641,0.51373,41
794,4,-0.57422,1.4902,0.49219,0.25686,58
794,4,-0.58984,1.502,0.57617,0.25686,53
794,4,-1.5137,0,-1.1582,0.25686,44
794,4,-1.6074,0,-1.1289,0.25686,44
795,4,-0.47852,0,-0.46484,-1.5412,16
795,4,-0.14844,0.34766,-0.36719,-1.2843,14
795,4,-0.24805,0,0.47266,-1.5412,11
795,4,-0.51172,0,-0.30273,-1.2843,13
796,8,-0.58984,1.4473,0.70313,0.25686,66
796,8,-0.54883,1.4277,0.86523,0.25686,73
796,8,-0.67578,1.5195,0.69141,0.25686,55
796,8,-0.69141,1.5898,0.63281,0.25686,46
796,8,-1.5527,0,-1.1543,0.25686,41
796,8,-1.5938,0,-1.0293,0.25686,50
796,8,-1.6328,0,-1.1602,0.25686,42
796,8,-1.6738,0,-1.3164,0.25686,34
797,10,-0.60352,1.4141,0.85352,0,42
797,10,-0.61914,1.4141,0.92773,0,39
797,10,-0.60352,1.373,0.91602,0.25686,92
797,10,-0.61914,1.3711,0.99023,0.25686,79
797,10,-0.63477,1.5176,0.83789,0.25686,45
797,10,-1.5938,0,-0.9668,0,39
797,10,-1.6328,0,-0.93359,0,29
797,10,-1.5938,0,-0.80469,0.25686,82
797,10,-1.6328,0,-0.82031,0.25686,62
797,10,0.23047,1.2637,-1.3262,0.25686,29
798,12,-0.60352,1.5176,0.65039,0,38
798,12,-0.61914,1.5156,0.75,0,48
798,12,-0.63477,1.5586,0.75781,0,31
798,12,-0.66016,1.3848,0.85938,0.25686,81
798,12,-0.61914,1.4141,0.92969,0.25686,104
798,12,-0.63477,1.4688,0.91992,0.25686,67
798,12,-1.6484,0,-1.3496,0,30
798,12,-1.6895,0,-1.1973,0,38
798,12,-1.6152,0,-1.1855,0,25
798,12,-1.6484,0,-0.98438,0.25686,70
798,12,-1.6895,0,-0.99609,0.25686,86
798,12,-1.6738,0,-0.91992,0.25686,52
801,4,0,1.7344,-0.75195,0.25686,48
801,4,0.060547,1.7832,-0.74609,0.25686,42
801,4,-1.7715,0,-0.69727,0.25686,47
801,4,-0.72461,1.4727,1.0215,0.25686,32
802,2,-0.66406,1.4961,1.0293,0.25686,52
802,2,-1.8125,0,-0.7207,0.25686,50
803,12,-0.58984,1.6055,0.80469,0,34
803,12,-0.60352,1.6738,0.75977,0,44
803,12,-0.61719,1.7207,0.75391,0,28
803,12,-0.58984,1.5957,0.82422,0.25686,69
803,12,-0.60352,1.6563,0.79492,0.25686,87
803,12,-0.55664,1.7402,0.75977,0.25686,56
803,12,0.11719,1.5254,-1.1074,0,29
803,12,0.18164,1.4805,-1.2305,0,34
803,12,-1.7305,0,-0.98438,0,22
803,12,0.11719,1.5527,-1.0703,0.25686,54
803,12,0.18164,1.6094,-1.0586,0.25686,68
803,12,0.18555,1.5078,-1.2656,0.25686,41
804,8,-0.67969,1.5977,0.94727,0,32
804,8,-0.66406,1.5098,1.0098,0.25686,49
804,8,-0.67969,1.5566,1.0137,0.25686,68
804,8,-0.69531,1.5645,1.0742,0.25686,39
804,8,0.12305,1.7109,-0.98633,0,27
804,8,0.12109,1.7324,-0.85156,0.25686,38
804,8,0.12305,1.7539,-0.9043,0.25686,51
804,8,0.0625,1.7148,-1.0703,0.25686,27
805,2,-0.67969,1.582,0.97266,0.25686,46
805,2,-1.8535,0,-1.002,0.25686,37
814,2,-0.83984,1.373,1.5586,0.25686,41
814,2,0.14063,2.0488,-0.89844,0.25686,35
815,4,0.2793,2.0781,-0.79102,0.25686,43
815,4,-0.78516,1.6641,1.3535,0.25686,43
815,4,-0.63086,1.5117,1.5293,0.25686,43
815,4,0.35742,2.0664,-0.91016,0.25686,35
816,2,0.18164,0.49609,0.0039063,-1.0275,9
816,2,-0.39648,0.33008,-0.11328,-1.0275,9
817,6,0.19727,0.17773,-0.45508,1.2843,12
817,6,0.19727,0.44141,-0.20898,1.5412,10
817,6,0.23242,0.4707,0.22656,1.5412,12
817,6,-0.39648,0.22852,0.26367,1.2843,10
817,6,-0.46094,0,0.45703,1.5412,10
817,6,-0.51758,0,0.2793,1.5412,11
823,4,-0.23047,0.46094,-0.11133,0.51373,20
823,4,0.51172,0,0.29883,-1.2843,13
823,4,0.36328,0.37695,0.066406,0.51373,11
823,4,-0.099609,0.47656,0.20117,-1.2843,9
826,2,-0.29688,0.14453,0.41211,1.0275,13
826,2,0.16406,0.49805,0.060547,1.0275,9
829,8,0.16406,0.22852,0.44531,0.77059,11
829,8,0.48242,0,-0.44922,0.77059,17
829,8,0.16406,0.37695,0.33008,1.0275,15
829,8,0.19727,0.53711,-0.013672,1.0275,16
829,8,0.42773,0,-0.44531,0.77059,11
829,8,0.17773,0,0.55859,0.77059,11
829,8,-0.47852,0,0.34961,1.0275,12
829,8,-0.5,0,0.29688,1.0275,11
843,2,0.14844,0.49219,0.11719,1.798,11
843,2,-0.24805,0.34961,-0.30859,1.798,10
846,2,0.46094,0,-0.41992,-2.0549,13
846,2,-0.13281,0.37695,0.34375,-2.0549,10
853,4,-0.41211,0,0.44336,1.0275,13
853,4,0.47852,0,-0.49414,1.5412,11
853,4,-0.37891,0,0.42578,1.0275,13
853,4,-0.33008,0.41211,0.0039063,1.5412,9
865,2,-0.18164,0.46094,0.17969,-1.2843,16
865,2,-0.41211,0,-0.52344,-1.2843,10
898,4,-0.29688,0.39258,0.18945,0.77059,12
898,4,-0.3125,0.42383,-0.021484,1.0275,14
898,4,0.33008,0.38086,0.1582,0.77059,9
898,4,0.082031,0.16406,-0.49414,1.0275,9
909,2,-0.37891,0.36328,0.044922,1.5412,11
909,2,-0.066406,0.38477,-0.35352,1.5412,10
913,2,-0.066406,0.28906,-0.4375,-0.77059,9
913,2,-0.51172,0,0.28711,-0.77059,8
923,2,-0.33008,0,-0.43359,-1.0275,10
923,2,0.19727,0,0.51563,-1.0275,9
925,2,0.51172,0,0.18945,-1.2843,13
925,2,-0.26367,0.14063,0.43359,-1.2843,12
930,2,-0.80273,1.332,0.71875,0.25686,57
930,2,1.6074,0,-1.0859,0.25686,37
931,2,-0.80273,1.3984,0.58203,0.25686,45
931,2,1.6602,0,-1.0195,0.25686,33
935,6,-0.84375,1.5117,0.49609,0.25686,49
935,6,-0.26367,0.41602,0.1875,-2.0549,14
935,6,-0.30273,0.39063,0.28516,-2.0549,16
935,6,1.6895,0,-1.2324,0.25686,41
935,6,0.44531,0,-0.4668,-2.0549,11
935,6,0.41016,0.19141,0.34766,-2.0549,12
941,2,-0.3457,0.34961,0.18945,-0.77059,15
941,2,0.44531,0.26367,-0.10547,-0.77059,12
967,4,-0.21484,0.44531,-0.18359,1.798,15
967,4,-0.18164,0.375,0.32227,-2.0549,12
967,4,0.42773,0.2793,-0.12695,1.798,10
967,4,0.14844,0.50391,-0.052734,-2.0549,11
982,2,-0.23047,0,-0.48047,-1.0275,12
982,2,0.36328,0.30273,-0.23438,-1.0275,10
983,4,0.033203,0.43359,0.29883,-1.2843,12
983,4,-0.375,0.42383,0.080078,-1.2843,13
983,4,-0.37891,0.35742,0.082031,-1.2843,12
983,4,-0.16016,0.42969,-0.3418,-1.2843,9
1001,2,-0.41211,0.32813,0.015625,1.0275,11
1001,2,-0.082031,0.51172,0.099609,1.0275,9
1004,2,-0.13281,0.375,-0.34766,-0.77059,12
1004,2,0.36328,0.22852,-0.30664,-0.77059,11
1006,2,0.3457,0.26563,0.29688,1.798,10
1006,2,-0.52734,0,-0.32031,1.798,8
1008,2,-0.29688,0.082031,-0.42773,1.798,11
1008,2,-0.066406,0.26758,-0.44922,1.798,9
1013,2,-0.30273,0,-0.49219,-0.77059,14
1013,2,0.035156,0.56055,0.10156,-0.77059,13
1015,6,0.11523,0.36523,-0.36328,-1.5412,14
1015,6,0.11523,0.38086,-0.3457,-1.2843,12
1015,6,-0.26758,0.48438,-0.14258,-1.2843,16
1015,6,-0.24805,0.39648,-0.24414,-1.5412,12
1015,6,-0.26367,0.41602,-0.18945,-1.2843,11
1015,6,0.10742,0.42578,-0.36523,-1.2843,14
1022,1,-0.18164,0.033203,0.49414,0.77059,13
1028,2,-0.30273,0.46094,0.14648,-1.798,13
1028,2,-0.57227,0,-0.068359,-1.798,10
1032,2,0.41211,0,0.44336,0.51373,16
1032,2,-0.3457,0.39844,0.0039063,0.51373,12
1035,2,0.048828,0.42578,0.30859,1.798,11
1035,2,-0.52734,0,-0.32813,1.798,9
1036,2,-0.39648,0,0.42383,-0.51373,14
1036,2,-0.16406,0.45703,-0.20703,-0.51373,12
1047,2,0.39648,0.3457,0.048828,-2.0549,12
1047,2,-0.46094,0,0.37109,-2.0549,7
1059,6,0.42773,0.25977,-0.16602,1.798,17
1059,6,0.49414,0.064453,0.17188,-2.0549,20
1059,6,0.55273,0,0.19531,-2.0549,17
1059,6,0.13281,0.33398,-0.38672,1.798,12
1059,6,-0.3125,0.38086,-0.18945,-2.0549,14
1059,6,-0.32227,0.44727,-0.15234,-2.0549,11
1066,2,0.42773,0,0.42188,-1.5412,11
1066,2,-0.36328,0.35352,0.14648,-1.5412,10
1069,6,0.13281,0.50977,0.027344,0.51373,12
1069,6,0.46094,0,0.27539,-1.798,15
1069,6,-0.3125,0.38086,-0.1875,-0.77059,14
1069,6,-0.28516,0.48047,-0.11719,-0.77059,18
1069,6,0.36328,0,0.44922,0.51373,12
1069,6,-0.33008,0.29102,-0.29297,-1.798,14
1073,1,-0.29688,0.43555,0.011719,-1.0275,14
1079,2,0.3125,0.23633,0.35352,-2.0549,12
1079,2,-0.42773,0.30664,0.011719,-2.0549,10
1094,2,-0.51172,0,0.42969,1.0275,15
1094,2,-0.21484,0.47852,0.050781,1.0275,14
1105,4,-0.36328,0.095703,0.37109,-0.51373,13
1105,4,-0.37891,0,0.46484,-0.25686,15
1105,4,0.13281,0.32227,-0.39648,-0.51373,9
1105,4,0.3125,0,-0.42773,-0.25686,9
1107,2,-0.39648,0,0.38477,-1.2843,12
1107,2,-0.24805,0.45898,-0.080078,-1.2843,12
1111,1,-0.46094,0.089844,0.23828,1.5412,13
1112,4,0.033203,0.27539,0.44922,0.77059,12
1112,4,0.3125,0.23047,-0.35547,1.0275,10
1112,4,0.37891,0.31055,-0.19531,0.77059,10
1112,4,0.015625,0.18359,-0.49414,1.0275,9
1123,2,-0.18164,0.42773,0.24805,-1.5412,13
1123,2,-0.49414,0.042969,-0.17773,-1.5412,8
1125,1,-0.42773,0.22656,0.20703,-0.77059,17
1128,1,-0.36328,0.375,0.074219,0.77059,13
1136,2,0.082031,0.38672,0.34961,-2.0549,10
1136,2,0.19727,0.44531,0.20117,-2.0549,10
1137,2,0.51172,0,-0.45508,1.0275,9
1137,2,-0.033203,0.39844,0.34375,1.0275,7
1147,4,0.21484,0.48242,-0.0097656,-1.5412,11
1147,4,-0.072266,0.53125,0.19531,-1.5412,11
1147,4,-0.18164,0.09375,-0.48633,-1.5412,9
1147,4,0.26758,0.48828,0.125,-1.5412,10
1154,1,-0.49414,0.18164,0.029297,1.798,13
1155,2,-0.26367,0.4043,0.21289,1.798,10
1155,2,0.23047,0.47461,0.013672,1.798,8
1162,2,-0.23047,0.42578,-0.21094,-0.77059,11
1162,2,-0.44531,0,0.48633,-0.77059,8
1164,4,-0.2793,0.42383,-0.14258,1.2843,10
1164,4,0.48242,0.29492,-0.083984,1.2843,11
1164,4,0.51172,0.12695,0.03125,1.2843,8
1164,4,-0.26758,0.44336,-0.24219,1.2843,8
1175,2,-0.2793,0.3418,0.28906,0.77059,11
1175,2,-0.082031,0.27734,-0.44141,0.77059,9
1176,2,-0.39648,0.2207,0.26953,-0.51373,13
1176,2,0.36328,0,-0.51563,-0.51373,11
1179,2,-0.24805,0.45313,-0.10938,-1.2843,11
1179,2,0,0.17773,0.49609,-1.2843,7
1183,2,-0.52734,0,0.0058594,-0.77059,10
1183,2,-0.066406,0.42578,-0.30273,-0.77059,10
1191,2,-0.37891,0.25781,0.26172,-1.2843,11
1191,2,-0.033203,0.46875,-0.23828,-1.2843,10
1193,2,0.14844,0.48438,0.15039,-1.798,8
1193,2,0.33008,0.17773,-0.37109,-1.798,8
1194,2,-0.23047,0.47461,-0.0058594,-2.0549,13
1194,2,0.37891,0.30664,0.20117,-2.0549,10
1211,4,-0.3125,0.42383,0.0019531,1.0275,11
1211,4,-0.3457,0.39258,0.066406,1.2843,15
1211,4,0.49414,0.17773,0.044922,1.0275,10
1211,4,0.18164,0.49414,0.041016,1.2843,10
1221,2,-0.082031,0.33984,-0.39453,-1.798,11
1221,2,0.13281,0.32227,0.39648,-1.798,6
1222,2,-0.51758,0.10352,0.21875,1.5412,18
1222,2,0.089844,0.35547,0.4375,1.5412,11
1223,2,-0.19727,0.48242,-0.076172,-1.5412,13
1223,2,-0.015625,0.23242,0.47266,-1.5412,7
1236,2,-0.39648,0.31836,-0.14453,1.5412,13
1236,2,-0.18164,0.49414,-0.025391,1.5412,12
1237,4,-0.14844,0.32422,-0.38867,1.2843,14
1237,4,-0.3125,0.27734,0.32031,1.5412,12
1237,4,0.37891,0.36719,-0.0039063,1.2843,13
1237,4,0.44531,0.2793,0.044922,1.5412,11
1242,2,-0.14844,0.33984,-0.375,1.5412,11
1242,2,-0.36328,0.38281,0.0039063,1.5412,10
1244,2,-0.3125,0.37695,-0.19336,-1.0275,13
1244,2,0.41211,0.15039,0.29297,-1.0275,12
1247,2,0.47852,0,-0.26953,1.2843,11
1247,2,-0.099609,0.48633,-0.17773,1.2843,11
1252,2,-0.3125,0.22461,0.36133,1.5412,13
1252,2,0.23047,0.47266,0.042969,1.5412,10
1254,2,-0.19727,0.20898,-0.44141,1.798,16
1254,2,-0.37891,0.33789,0.14453,1.798,12
1262,2,-0.36328,0,0.42383,-0.77059,10
1262,2,-0.21484,0.42383,-0.23047,-0.77059,9
1269,2,0.19727,0.28711,0.39648,-2.0549,12
1269,2,0.51172,0,-0.51953,-2.0549,9
1270,2,0.24805,0.45313,-0.11133,1.5412,12
1270,2,0.082031,0.50781,0.11328,1.5412,9
1271,1,-0.3125,0.42383,-0.021484,1.0275,16
1272,2,-0.33008,0.30469,0.27734,1.0275,15
1272,2,0.11523,0.5,-0.12109,1.0275,13
1274,4,-0.33008,0,-0.51758,1.798,16
1274,4,-0.16406,0.44727,0.22656,-2.0549,11
1274,4,-0.015625,0.52344,0.056641,1.798,9
1274,4,-0.52734,0,0.49414,-2.0549,7
1294,1,0.24805,0,0.46875,1.2843,13
1296,4,-0.37891,0.33008,-0.1582,0.51373,12
1296,4,-0.39258,0.4082,-0.072266,0.51373,12
1296,4,0.24805,0.46484,-0.033203,0.51373,11
1296,4,-0.23242,0.51758,0.064453,0.51373,11
1299,2,0.13281,0.37891,-0.3418,-1.5412,14
1299,2,-0.36328,0,0.49805,-1.5412,9
1308,4,-0.52734,0,-0.27148,1.5412,10
1308,4,-0.52734,0,-0.24219,1.798,12
1308,4,0.19727,0.2832,0.39844,1.5412,8
1308,4,0.21484,0.19141,0.44141,1.798,9
1310,4,0.24805,0.44727,0.13281,1.798,9
1310,4,-0.19727,0.30859,0.37891,-1.0275,10
1310,4,-0.21484,0,-0.51172,1.798,8
1310,4,0.44531,0.26953,0.089844,-1.0275,8
1340,4,-0.49414,0.13867,0.11914,1.0275,11
1340,4,0.095703,0.60742,-0.037109,-0.25686,21
1340,4,0.048828,0.52344,0.044922,1.0275,9
1340,4,-0.25,0.37695,-0.41797,-0.25686,20
1342,2,-0.37891,0,0.50586,0.77059,11
1342,2,0.082031,0.4082,0.32227,0.77059,9
1348,2,0.3457,0.39844,0.0078125,-1.5412,12
1348,2,-0.39648,0.33398,-0.10352,-1.5412,10
1353,2,-0.29688,0,0.51563,1.2843,15
1353,2,-0.51172,0,-0.28516,1.2843,12
1357,2,0.42773,0.30664,0.025391,-1.2843,12
1357,2,-0.41211,0.17773,-0.27734,-1.2843,11
1364,25,0.42773,6.7012,1.3848,0,47
1364,25,0.64648,6.418,2.4492,0,32
1364,25,1.0859,6.377,2.5254,0,35
1364,25,1.0918,6.293,2.8359,0,34
1364,25,0.42578,6.6895,1.2207,0.25686,142
1364,25,0.21484,6.5977,1.8555,0.25686,196
1364,25,0.64648,6.3613,2.5957,0.25686,138
1364,25,0.86719,6.291,2.8086,0.25686,133
1364,25,0.6543,6.252,3.0547,0.25686,126
1364,25,0.43945,6.4805,2.6953,0.25686,82
1364,25,0.42773,6.8105,0.67188,-0.51373,86
1364,25,0.64648,6.6992,1.5195,-0.51373,61
1364,25,1.3027,6.6484,1.5273,-0.51373,65
1364,25,0.87305,6.7363,1.6406,-0.51373,63
1364,25,0.63867,6.7695,0.41797,-0.25686,186
1364,25,0.64258,6.7402,1.0859,-0.25686,264
1364,25,0.86328,6.6367,1.6836,-0.25686,187
1364,25,1.3027,6.5293,1.9746,-0.25686,185
1364,25,0.87305,6.5742,2.2012,-0.25686,174
1364,25,0.66016,6.8379,1.5,-0.25686,117
1364,25,-2.4023,4.5625,-4.7168,0.25686,66
1364,25,-2.418,4.1348,-5.1484,0.25686,51
1364,25,-1.9648,4.4238,-5.041,-0.51373,32
1364,25,-2.1836,4.2559,-5.0938,-0.25686,92
1364,25,-1.9785,3.5156,-5.7598,-0.25686,72
1365,58,0.42578,6.7246,1.002,0,59
1365,58,0.42773,6.6992,1.4004,0,80
1365,58,1.0781,6.7207,1.1328,0,63
1365,58,0.86719,6.7246,1.5,0,81
1365,58,0.6543,6.7793,1.5605,0,96
1365,58,0.66016,6.8672,1.3652,0,62
1365,58,1.6426,1.0176,0.5957,0.25686,169
1365,58,1.6777,1.0391,0.60938,0.25686,133
1365,58,0.42578,6.6816,1.2559,0.25686,170
1365,58,0.42773,6.4707,2.2246,0.25686,227
1365,58,1.0781,6.4766,2.123,0.25686,166
1365,58,0.86719,6.5547,2.1211,0.25686,205
1365,58,0.6543,6.625,2.125,0.25686,249
1365,58,0.66016,6.7129,1.9883,0.25686,168
1365,58,0.42773,6.1934,2.9082,0.51373,79
1365,58,0.86719,6.2188,2.9668,0.51373,70
1365,58,0.6543,6.2852,2.9844,0.51373,87
1365,58,0.43945,6.4238,2.8262,0.51373,59
1365,58,1.7051,1.0703,0.17969,-0.51373,87
1365,58,0.63867,6.7793,-0.20898,-0.51373,94
1365,58,0.42773,6.832,0.38477,-0.51373,128
1365,58,1.0781,6.7969,0.51563,-0.51373,96
1365,58,0.86719,6.875,0.45898,-0.51373,115
1365,58,0.6543,6.9473,0.38281,-0.51373,138
1365,58,0.66016,7.002,0.046875,-0.51373,92
1365,58,0.67383,1.3125,-0.4375,-0.25686,70
1365,58,0.64258,1.3906,-0.39453,-0.25686,72
1365,58,1.4746,0.52344,0.44727,-0.25686,64
1365,58,1.043,1.2832,0.22852,-0.25686,64
1365,58,1.0723,1.3301,-0.14258,-0.25686,93
1365,58,1.7051,1.0449,0.29492,-0.25686,236
1365,58,1.7422,1.0703,0.29102,-0.25686,184
1365,58,0.85742,2.1113,-0.17383,-0.25686,78
1365,58,0.63867,6.7637,0.50781,-0.25686,268
1365,58,0.42773,6.7539,1.1016,-0.25686,362
1365,58,1.0781,6.7383,1.0176,-0.25686,265
1365,58,0.86719,6.8086,1.0566,-0.25686,336
1365,58,0.6543,6.8711,1.0938,-0.25686,401
1365,58,0.66016,6.9434,0.9043,-0.25686,265
1365,58,0.66406,7.0449,0.085938,-0.25686,63
1365,58,2.5957,7.8887,0.18945,-0.25686,55
1365,58,-1.9785,4.082,-5.373,0,34
1365,58,-1.9531,4.6113,-4.8105,0.25686,103
1365,58,-2.1836,4.373,-4.9941,0.25686,129
1365,58,-2.1973,4.0098,-5.3438,0.25686,90
1365,58,-1.9531,5.0566,-4.3398,0.51373,38
1365,58,-1.7246,0.68555,6.6465,-0.51373,49
1365,58,-1.9531,2.0625,-6.3359,-0.51373,71
1365,58,-1.9648,2.5684,-6.1953,-0.51373,85
1365,58,-1.9785,1.9355,-6.4648,-0.51373,58
1365,58,0.095703,1.123,1.0469,-0.25686,45
1365,58,1.4824,0,0.64063,-0.25686,62
1365,58,0,1.2441,1.0469,-0.25686,45
1365,58,-1.7363,3.7754,-5.5645,-0.25686,177
1365,58,-1.9648,3.4805,-5.7324,-0.25686,221
1365,58,-1.9785,3.0215,-6.0332,-0.25686,157
1365,58,-2.2109,1.6367,-6.5195,-0.25686,49
1365,58,-5.1914,6.4629,-0.53711,-0.25686,31
1366,19,0.42578,6.7461,0.83984,0.25686,96
1366,19,0.21484,6.75,1.1895,0.25686,93
1366,19,1.0781,6.5918,1.7363,0.25686,88
1366,19,1.0859,6.5488,2.041,0.25686,191
1366,19,0.87305,6.5391,2.3047,0.25686,199
1366,19,0.66016,6.4883,2.6289,0.25686,95
1366,19,0.86719,6.6348,1.8555,0.51373,67
1366,19,0.87305,6.5254,2.3438,0.51373,72
1366,19,1.0859,6.7539,1.1914,-0.51373,78
1366,19,1.0918,6.8242,1.0391,-0.51373,75
1366,19,0.63867,6.7773,0.24609,-0.25686,109
1366,19,0.42773,6.8184,0.57031,-0.25686,97
1366,19,1.293,6.7109,0.95508,-0.25686,106
1366,19,1.0859,6.7402,1.2715,-0.25686,229
1366,19,1.0918,6.7578,1.4063,-0.25686,231
1366,19,1.0996,6.8438,1.1816,-0.25686,104
1366,19,-1.5195,3.043,-6.0547,-0.51373,42
1366,19,-1.7461,2.7793,-6.168,-0.51373,43
1366,19,-1.5391,4.3984,-5.2676,-0.25686,62
1367,64,0.7207,1.3438,-0.20703,0,66
1367,64,0.74219,1.3867,-0.16992,0,87
1367,64,0.76172,1.4355,-0.068359,0,71
1367,64,0.88672,1.4141,0.064453,0,59
1367,64,0.30469,4.8164,0.71289,0,63
1367,64,0.30859,4.8887,0.48047,0,70
1367,64,0.1543,4.9316,0.57031,0,62
1367,64,0.21289,6.8086,-0.033203,0,112
1367,64,0.42773,6.834,-0.33203,0,144
1367,64,0.86328,6.8438,0.21289,0,230
1367,64,0.86719,6.7949,1.1406,0,414
1367,64,0.87305,6.8145,1.2773,0,374
1367,64,0.87891,6.8906,1.0977,0,145
1367,64,0.7207,1.3555,-0.10742,0.25686,91
1367,64,0.74219,1.3965,-0.074219,0.25686,126
1367,64,0.76172,1.4355,-0.029297,0.25686,106
1367,64,1.6426,0.93164,0.72266,0.25686,170
1367,64,1.6777,0.9707,0.71094,0.25686,111
1367,64,0.30469,4.7285,1.1621,0.25686,71
1367,64,0.1543,4.873,0.67969,0.25686,93
1367,64,0,4.9316,0.57813,0.25686,92
1367,64,1.4941,5.2383,2.4609,0.25686,61
1367,64,0.21289,6.7617,0.80273,0.25686,159
1367,64,0.42773,6.832,0.36914,0.25686,205
1367,64,0.86328,6.791,0.87109,0.25686,309
1367,64,0.86719,6.6523,1.7949,0.25686,542
1367,64,0.87305,6.6621,1.9199,0.25686,476
1367,64,0.87891,6.7676,1.6953,0.25686,182
1367,64,0.42773,6.7598,1.0645,0.51373,68
1367,64,0.64648,6.6875,1.5762,0.51373,98
1367,64,0.65039,6.4688,2.4395,0.51373,168
1367,64,0.87305,6.4141,2.6348,0.51373,149
1367,64,1.0859,6.8457,0.42578,-0.77059,71
1367,64,1.0918,6.8574,0.7832,-0.77059,66
1367,64,0.7207,1.2871,-0.43555,-0.51373,67
1367,64,0.74219,1.3477,-0.36914,-0.51373,89
1367,64,0.8125,1.3711,-0.32031,-0.51373,79
1367,64,1.7695,0.92773,0.31055,-0.51373,120
1367,64,0.30859,4.9102,-0.1543,-0.51373,72
1367,64,0.42578,6.7285,-0.97461,-0.51373,123
1367,64,0.64258,6.6934,-1.3379,-0.51373,156
1367,64,1.0781,6.7852,-0.65039,-0.51373,243
1367,64,1.0859,6.8516,0.32031,-0.51373,434
1367,64,1.0918,6.8906,0.41602,-0.51373,385
1367,64,1.0996,6.9434,0.19922,-0.51373,145
1367,64,1.3203,0.32422,0.09375,-0.25686,50
1367,64,1.3184,0.47852,0.097656,-0.25686,71
1367,64,0.76953,1.2969,-0.30859,-0.25686,194
1367,64,0.74219,1.373,-0.25977,-0.25686,262
1367,64,0.76172,1.4199,-0.21289,-0.25686,221
1367,64,0.88672,1.4102,-0.12305,-0.25686,192
1367,64,1.7051,0.99219,0.43945,-0.25686,331
1367,64,1.7422,1.0078,0.46094,-0.25686,222
1367,64,1.0391,2.1211,0.24023,-0.25686,95
1367,64,0.45703,4.8281,0.5293,-0.25686,178
1367,64,0.30859,4.9121,0.12891,-0.25686,208
1367,64,0.1543,4.9629,0.083984,-0.25686,192
1367,64,1.668,5.4941,1.4941,-0.25686,137
1367,64,1.4941,5.6152,1.4023,-0.25686,148
1367,64,0,6.6582,1.2129,-0.25686,132
1367,64,0.21289,6.7949,-0.42969,-0.25686,342
1367,64,0.64258,6.7969,-0.63281,-0.25686,439
1367,64,0.86328,6.8418,-0.22852,-0.25686,686
1367,64,0.86719,6.8496,0.73828,-0.25686,1221
1368,64,0.67383,1.168,-0.74023,0,56
1368,64,1.6074,1.0762,0.41406,0,76
1368,64,1.7051,1.0254,0.35742,0,87
1368,64,0.21094,6.7656,-0.035156,0,65
1368,64,0.42578,6.793,0.29492,0,172
1368,64,0.42773,6.8438,0.042969,0,130
1368,64,1.0781,6.4082,2.3203,0,108
1368,64,0.86719,6.7324,1.4629,0,235
1368,64,0.87305,6.8379,1.1484,0,170
1368,64,0.87891,6.959,0.51172,0,46
1368,64,0.625,1.2617,-0.62109,0.25686,92
1368,64,1.6074,0.97266,0.61719,0.25686,138
1368,64,1.6426,1.0547,0.52539,0.25686,164
1368,64,0.21094,6.7188,0.79102,0.25686,117
1368,64,0.42578,6.7324,0.94727,0.25686,288
1368,64,0.42773,6.8008,0.76172,0.25686,213
1368,64,0.86328,6.2988,2.6836,0.25686,150
1368,64,0.86719,6.6172,1.9199,0.25686,353
1368,64,0.87305,6.7441,1.6094,0.25686,273
1368,64,0.87891,6.918,0.91016,0.25686,90
1368,64,0.42578,6.6465,1.4297,0.51373,96
1368,64,0.21484,6.7598,1.1309,0.51373,68
1368,64,0.65039,6.5391,2.2422,0.51373,122
1368,64,0.6543,6.7012,1.8691,0.51373,93
1368,64,1.668,1.0156,0.30664,-0.51373,95
1368,64,1.7051,1.0664,0.20508,-0.51373,110
1368,64,0.63867,6.7695,-0.43164,-0.51373,189
1368,64,0.64258,6.7871,-0.73242,-0.51373,141
1368,64,1.0781,6.666,1.416,-0.51373,121
1368,64,1.0859,6.832,0.60938,-0.51373,262
1368,64,1.0918,6.8984,0.2168,-0.51373,195
1368,64,0.87891,6.9395,-0.71289,-0.51373,60
1368,64,1.2754,0.59375,0.019531,-0.25686,62
1368,64,0.6543,1.1367,-0.7168,-0.25686,117
1368,64,0.67383,1.1113,-0.82422,-0.25686,182
1368,64,0.74219,1.166,-0.77148,-0.25686,111
1368,64,1.668,1.002,0.34961,-0.25686,268
1368,64,1.6426,1.1465,0.27148,-0.25686,309
1368,64,1.6777,1.1719,0.28125,-0.25686,166
1368,64,1.4824,5.5234,1.5781,-0.25686,127
1368,64,0.21094,6.7559,-0.36719,-0.25686,220
1368,64,0.63867,6.7832,0.044922,-0.25686,561
1368,64,0.64258,6.8223,-0.2207,-0.25686,419
1368,64,1.0781,6.5566,1.8633,-0.25686,327
1368,64,0.86719,6.8105,1.041,-0.25686,738
1368,64,0.87305,6.8965,0.72266,-0.25686,549
1368,64,1.0996,6.9453,0.091797,-0.25686,161
1368,64,2.4316,6.4121,1.7461,-0.25686,73
1368,64,2.2246,6.5098,1.8359,-0.25686,90
1368,64,2.582,7.8457,0.21875,-0.25686,73
1368,64,-1.916,1.9941,-6.2246,0,92
1368,64,-1.9277,0,-6.7695,0,79
1368,64,-1.7363,3.7441,-5.5859,0,119
1368,64,-1.9648,3.0859,-5.9551,0,98
1368,64,-1.7578,2.543,-6.3164,0,34
1368,64,-0.76953,1.1348,-0.69727,0.25686,50
1368,64,-2.1426,2.5664,-5.9863,0.25686,121
1368,64,-1.7461,3.9844,-5.4688,0.25686,146
1368,64,-1.7578,3.4434,-5.873,0.25686,55
1368,64,-2.1426,4.2461,-4.9395,0.51373,38
1368,64,-1.916,1.0527,6.4512,-0.51373,111
1368,64,-1.9277,2.4492,6.1074,-0.51373,97
1368,64,-1.7363,1.9727,-6.4277,-0.51373,141
1368,64,-1.7461,0.30469,-6.7598,-0.51373,123
1369,64,0.6543,1.3184,-0.25977,0,93
1369,64,0.67383,1.3711,-0.17773,0,159
1369,64,0.69141,1.416,-0.14453,0,115
1369,64,1.668,1.0156,0.31055,0,141
1369,64,1.7051,1.0371,0.32227,0,108
1369,64,1.8242,3.1582,-0.019531,0,69
1369,64,1.7969,4.4375,0.17773,0,79
1369,64,1.4824,5.4375,1.8535,0,76
1369,64,0.63477,6.7383,-0.076172,0,284
1369,64,0.63867,6.7793,0.19141,0,383
1369,64,0.85742,6.7871,0.46875,0,294
1369,64,1.0781,6.7266,1.1016,0,419
1369,64,0.86719,6.8008,1.1016,0,489
1369,64,1.0918,6.8438,0.89453,0,252
1369,64,1.5391,6.7969,0.94922,0,55
1369,64,2.2109,6.4297,1.9609,0,73
1369,64,2.2246,6.4492,2.0371,0,63
1369,64,0.6543,1.3281,-0.20508,0.25686,103
1369,64,0.7207,1.3535,-0.11719,0.25686,169
1369,64,0.69141,1.4199,-0.087891,0.25686,117
1369,64,1.6074,1.0566,0.45898,0.25686,181
1369,64,1.6426,1.0645,0.50586,0.25686,139
1369,64,0.63477,6.7324,0.29688,0.25686,245
1369,64,0.63867,6.7617,0.53906,0.25686,346
1369,64,0.85742,6.752,0.82813,0.25686,269
1369,64,0.86328,6.6875,1.4629,0.25686,368
1369,64,0.86719,6.7344,1.4551,0.25686,432
1369,64,1.0918,6.7832,1.2734,0.25686,221
1369,64,0.63477,6.6973,0.74805,0.51373,71
1369,64,0.63867,6.7129,0.9707,0.51373,103
1369,64,0.85742,6.6797,1.2891,0.51373,81
1369,64,0.86328,6.5488,1.9961,0.51373,111
1369,64,0.86719,6.5645,2.0918,0.51373,127
1369,64,-0.37891,0.26953,-0.25,-0.77059,10
1369,64,1.0781,6.8105,0.25977,-0.77059,63
1369,64,1.3027,6.8203,0.0097656,-0.77059,75
1369,64,0.6543,1.2539,-0.48242,-0.51373,91
1369,64,0.7207,1.2988,-0.40039,-0.51373,158
1369,64,0.69141,1.3789,-0.34766,-0.51373,108
1369,64,1.7305,0.94922,0.12109,-0.51373,160
1369,64,1.7695,0.9668,0.15234,-0.51373,122
1369,64,0.63477,6.6641,-1.0039,-0.51373,259
1369,64,0.63867,6.7441,-0.72266,-0.51373,355
1369,64,0.85742,6.7852,-0.49219,-0.51373,275
1369,64,1.0781,6.8125,0.18164,-0.51373,381
1369,64,1.0859,6.8574,0.17969,-0.51373,453
1369,64,1.0918,6.9023,-0.0097656,-0.51373,224
1369,64,2.4316,6.5684,1.0078,-0.51373,68
1369,64,1.2754,0.59375,0.033203,-0.25686,54
1369,64,0.58984,1.2285,-0.5,-0.25686,69
1369,64,0.70117,1.2637,-0.37891,-0.25686,252
1369,64,0.7207,1.3281,-0.29102,-0.25686,436
1369,64,0.74219,1.373,-0.26563,-0.25686,300
1369,64,1.5254,0.09375,0.55859,-0.25686,149
1369,64,0.93945,1.3652,0.20313,-0.25686,224
1369,64,1.668,1.041,0.20508,-0.25686,420
1369,64,1.7051,1.0625,0.22266,-0.25686,326
1369,64,1.9141,3.0508,-0.13867,-0.25686,154
1369,64,1.9375,3.084,-0.21289,-0.25686,171
1369,64,1.7969,4.4414,0.0078125,-0.25686,212
1369,64,1.668,5.5313,1.3496,-0.25686,198
1369,64,0.41992,6.6855,-0.59375,-0.25686,194
1369,64,0.63477,6.7148,-0.56055,-0.25686,715
1369,64,0.63867,6.7773,-0.28125,-0.25686,993
1370,64,0.54297,1.2363,-0.52734,0,45
1370,64,0.70117,1.3086,-0.17578,0,111
1370,64,0.81641,1.2969,-0.13672,0,230
1370,64,0.89063,1.3047,-0.089844,0,249
1370,64,0.96484,1.2695,0.31641,0,146
1370,64,1.2012,1.1602,0.033203,0,118
1370,64,1.6309,1.0078,0.24414,0,186
1370,64,1.668,1.0254,0.27148,0,166
1370,64,2.1406,2.8789,0.34766,0,171
1370,64,1.9277,4.332,0.23047,0,160
1370,64,1.9453,4.377,0,0,163
1370,64,0.75586,4.7305,0.65039,0,170
1370,64,0.60938,4.8359,0.19727,0,133
1370,64,1.6563,5.416,1.6152,0,170
1370,64,1.8535,5.418,1.5527,0,126
1370,64,1.043,6.5957,0.18555,0,125
1370,64,1.0508,6.6406,-0.066406,0,513
1370,64,1.0566,6.6855,-0.03125,0,896
1370,64,1.0645,6.7148,0.4375,0,812
1370,64,1.2852,6.6641,0.97266,0,861
1370,64,1.293,6.6934,1.0684,0,1064
1370,64,1.3027,6.7676,0.85156,0,762
1370,64,1.3105,6.8613,0.20117,0,231
1370,64,2.875,6.0059,2.3926,0,95
1370,64,2.6699,6.0879,2.5508,0,71
1370,64,3.0664,7.5371,-0.79102,0,48
1370,64,3.082,7.6152,-0.25781,0,96
1370,64,3.0977,7.6582,-0.14258,0,63
1370,64,0.81641,1.3027,-0.050781,0.25686,117
1370,64,0.83984,1.3398,0.054688,0.25686,127
1370,64,1.252,1.0781,0.24414,0.25686,84
1370,64,1.6309,0.95508,0.4082,0.25686,186
1370,64,1.668,0.9707,0.43164,0.25686,175
1370,64,0.83984,6.668,0.22461,0.25686,144
1370,64,0.8457,6.707,0.33203,0.25686,255
1370,64,0.85156,6.6953,0.93164,0.25686,229
1370,64,1.0723,6.6035,1.5039,0.25686,247
1370,64,1.293,6.6055,1.5176,0.25686,309
1370,64,1.3027,6.6973,1.291,0.25686,220
1370,64,1.0918,6.8926,0.36719,0.25686,74
1370,64,0.8457,6.6816,0.66602,0.51373,101
1370,64,0.85156,6.6406,1.2637,0.51373,93
1370,64,1.0723,6.5,1.9023,0.51373,98
1370,64,1.0781,6.4883,2.0879,0.51373,119
1370,64,1.0859,6.5977,1.873,0.51373,85
1370,64,1.5098,6.7227,-0.36914,-0.77059,51
1370,64,0.74805,1.248,-0.3418,-0.51373,103
1370,64,0.86523,1.2324,-0.3125,-0.51373,207
1370,64,0.89063,1.2813,-0.26172,-0.51373,218
1370,64,1.0156,1.2637,0.12305,-0.51373,122
1370,64,1.2012,1.1484,-0.17383,-0.51373,105
1370,64,1.6914,0.93555,0.048828,-0.51373,185
1370,64,1.668,1.0586,0.087891,-0.51373,160
1370,64,2.1406,2.8906,-0.23828,-0.51373,148
1370,64,2.0762,4.2539,-0.3418,-0.51373,137
1370,64,2.0957,4.2695,-0.57617,-0.51373,144
1370,64,0.75586,4.7734,0.091797,-0.51373,147
1370,64,1.8398,5.5156,0.93555,-0.51373,146
1370,64,1.8535,5.5645,0.90234,-0.51373,108
1370,64,1.043,6.5684,-0.63281,-0.51373,102
1370,64,1.0508,6.5703,-0.97656,-0.51373,431
1370,64,1.0566,6.6211,-0.92773,-0.51373,765
1370,64,1.0645,6.7168,-0.40039,-0.51373,677
1370,64,1.2852,6.7324,0.18164,-0.51373,735
1371,64,0.90625,1.043,0.43945,0,35
1371,64,0.83984,1.2305,0.10352,0,80
1371,64,0.86523,1.2637,0.14258,0,78
1371,64,0.89063,1.248,0.39258,0,31
1371,64,2.2246,2.7695,0.22266,0,63
1371,64,2.252,2.8086,0.14844,0,73
1371,64,2.2246,4.1914,-0.11719,0,67
1371,64,0.74805,4.3906,1.7637,0,71
1371,64,0.90625,4.7285,0.43555,0,71
1371,64,1.8398,5.4727,1.1621,0,42
1371,64,1.4609,6.5195,0.0019531,0,85
1371,64,1.2617,6.5996,0.28906,0,263
1371,64,1.4805,6.5938,0.38867,0,343
1371,64,1.7031,6.5723,0.55078,0,241
1371,64,1.7148,6.623,0.45703,0,339
1371,64,1.7246,6.668,0.42578,0,374
1371,64,1.7363,6.7227,0.1543,0,193
1371,64,1.5293,6.6816,-1.3633,0,54
1371,64,0.88672,1.1387,0.38281,0.25686,78
1371,64,0.86523,1.2129,0.38086,0.25686,77
1371,64,1.752,0.64648,0.5,0.25686,104
1371,64,1.252,6.5488,0.42773,0.25686,99
1371,64,1.2617,6.5723,0.65625,0.25686,278
1371,64,1.2695,6.6055,0.75977,0.25686,358
1371,64,1.7031,6.498,1.1367,0.25686,282
1371,64,1.7148,6.5,1.3457,0.25686,424
1371,64,1.7246,6.543,1.3535,0.25686,450
1371,64,1.7363,6.6133,1.2109,0.25686,230
1371,64,1.2617,6.5098,1.1191,0.51373,94
1371,64,1.2695,6.5391,1.2031,0.51373,120
1371,64,1.4902,6.4453,1.625,0.51373,94
1371,64,1.7148,6.3691,1.8711,0.51373,138
1371,64,1.7246,6.3965,1.9277,0.51373,152
1371,64,1.5195,6.5234,1.832,0.51373,79
1371,64,0.88672,1.2031,-0.0039063,-0.51373,82
1371,64,0.86523,1.2715,-0.033203,-0.51373,79
1371,64,2.2246,4.1309,-0.7168,-0.51373,71
1371,64,0.90625,4.7422,-0.24805,-0.51373,77
1371,64,1.4609,6.4668,-0.82813,-0.51373,92
1371,64,1.4707,6.5371,-0.56641,-0.51373,270
1371,64,1.4805,6.5879,-0.4707,-0.51373,338
1371,64,1.7031,6.5938,-0.19727,-0.51373,254
1371,64,1.9277,6.5723,-0.30469,-0.51373,352
1371,64,1.9414,6.6133,-0.34766,-0.51373,387
1371,64,1.7363,6.6855,-0.7207,-0.51373,205
1371,64,0.95117,1.0059,0.43359,-0.25686,96
1371,64,0.88672,1.1992,0.085938,-0.25686,206
1371,64,0.86523,1.2695,0.082031,-0.25686,201
1371,64,0.89063,1.2715,0.3125,-0.25686,90
1371,64,1.752,0.76367,0.28906,-0.25686,187
1371,64,1.8535,0.64453,0.24414,-0.25686,169
1371,64,2.2246,2.7793,0.019531,-0.25686,171
1371,64,2.252,2.8125,-0.058594,-0.25686,198
1371,64,2.2246,4.1777,-0.3457,-0.25686,185
1371,64,0.74805,4.4805,1.5234,-0.25686,196
1371,64,1.0566,4.7148,0.16992,-0.25686,196
1371,64,0.76172,4.8184,0.074219,-0.25686,150
1371,64,2.0254,5.3945,1.2227,-0.25686,128
1371,64,1.4609,6.5078,-0.38867,-0.25686,242
1371,64,1.4707,6.5605,-0.1543,-0.25686,714
1371,64,1.4805,6.6035,-0.039063,-0.25686,920
1371,64,1.7031,6.5918,0.21094,-0.25686,677
1371,64,1.9277,6.5762,0.19922,-0.25686,973
1371,64,1.7246,6.6797,0.1543,-0.25686,1054
1372,64,0.77148,1.2285,0.0058594,0,125
1372,64,0.79297,1.2637,-0.0625,0,144
1372,64,0.76953,1.1738,0.63086,0,58
1372,64,1.2363,0.94922,0.27148,0,82
1372,64,1.2695,0.99219,0.21289,0,69
1372,64,1.1445,1.8145,0.19531,0,120
1372,64,1.0996,1.8984,0.13477,0,109
1372,64,2.3066,2.6445,0.22266,0,117
1372,64,2.2246,2.7637,0.29102,0,175
1372,64,2.252,2.791,0.35938,0,118
1372,64,2.2051,4.1016,0.66211,0,146
1372,64,2.2246,4.123,0.76563,0,138
1372,64,1.3477,4.5977,-0.033203,0,124
1372,64,1.209,4.6738,0.27539,0,100
1372,64,2.0098,5.1836,1.8086,0,92
1372,64,2.209,5.0371,2.1055,0,69
1372,64,1.6699,6.4648,-0.20703,0,386
1372,64,1.6816,6.4961,-0.42773,0,643
1372,64,1.4805,6.5215,-1.0469,0,447
1372,64,1.916,6.4707,0.92773,0,564
1372,64,2.1426,6.4336,1.0195,0,899
1372,64,2.1563,6.4883,0.93359,0,657
1372,64,1.9531,6.6113,0.83594,0,201
1372,64,3.8105,7.1797,-0.18359,0,51
1372,64,3.832,7.2109,0.38672,0,90
1372,64,3.8535,7.25,0.37695,0,54
1372,64,2.3359,2.6035,0.66016,0.25686,90
1372,64,1.6699,6.4551,0.41992,0.25686,192
1372,64,1.4707,6.5625,-0.0078125,0.25686,310
1372,64,1.4805,6.5938,-0.38672,0.25686,225
1372,64,1.916,6.3203,1.6738,0.25686,336
1372,64,1.9277,6.3379,1.7656,0.25686,532
1372,64,1.9414,6.4004,1.6953,0.25686,378
1372,64,1.9531,6.4922,1.5078,0.25686,115
1372,64,3.5762,7.3184,0.69922,0.25686,51
1372,64,1.4707,6.5566,0.22852,0.51373,99
1372,64,1.916,6.3145,1.6934,0.51373,111
1372,64,1.9277,6.2988,1.9004,0.51373,173
1372,64,1.9414,6.3945,1.7207,0.51373,123
1372,64,1.7148,5.8789,3.0859,0.77059,70
1372,64,2.1426,6.5039,-0.34766,-0.77059,87
1372,64,2.1563,6.5176,-0.70117,-0.77059,67
1372,64,0.77148,1.2031,-0.24805,-0.51373,106
1372,64,0.79297,1.2285,-0.30469,-0.51373,121
1372,64,1.2363,0.98438,0.070313,-0.51373,66
1372,64,1.1445,1.8184,-0.14063,-0.51373,102
1372,64,1.168,1.8477,-0.22852,-0.51373,96
1372,64,2.3359,2.6836,-0.097656,-0.51373,158
1372,64,2.3652,2.7188,0.080078,-0.51373,99
1372,64,2.3516,4.0664,0.21094,-0.51373,128
1372,64,2.2246,4.1836,0.26563,-0.51373,119
1372,64,1.3477,4.5508,-0.65625,-0.51373,103
1372,64,1.209,4.666,-0.38672,-0.51373,86
1372,64,2.1914,5.3262,0.99805,-0.51373,85
1372,64,1.8789,6.3301,-1.0195,-0.51373,337
1372,64,1.6816,6.3691,-1.3496,-0.51373,553
1372,64,1.4805,6.334,-1.8691,-0.51373,391
1372,64,1.916,6.5371,0.11914,-0.51373,501
1372,64,2.1426,6.5078,0.25,-0.51373,798
1372,64,2.1563,6.5527,0.18555,-0.51373,586
1372,64,2.1699,6.5938,0.17969,-0.51373,176
1372,64,3.832,7.1855,-0.70898,-0.51373,81
1372,64,0.57227,1.2207,-0.40234,-0.25686,76
1372,64,0.77148,1.2207,-0.13867,-0.25686,269
